{"description":null,"viewType":"table","uiVersion":1,"layout":{"main":true,"side":false,"footer":false,"header":true},"spLayout":[],"mainContent":{"layoutType":"default","layout":[{"code":"\u59d3","type":"SINGLE_LINE_TEXT","unit":"","digit":false,"label":"\u59d3","style":{"width":"30%","height":"","display":null,"marginTop":null,"textAlign":null,"marginLeft":null,"paddingTop":"1em","marginRight":null,"paddingLeft":"1em","marginBottom":null,"paddingRight":"1em","paddingBottom":"1em","verticalAlign":null},"format":null,"unique":false,"noLabel":false,"spStyle":[],"userType":"name","attributes":[],"labelStyle":{"color":null,"fontSize":"50%","textAlign":null,"fontWeight":"bold"},"contentStyle":{"color":null,"fontSize":"50%","textAlign":null,"fontWeight":null},"spLabelStyle":[],"unitPosition":"BEFORE","thumbnailSize":"150px","datetimeFormat":"HH:mm","hideExpression":false,"spContentStyle":[],"specialOptions":{"width":2,"format":"CODE128","height":100,"margin":10,"fontSize":20,"displayValue":true},"specialFieldSize":100,"specialFieldType":"default"},{"code":"\u540d","type":"SINGLE_LINE_TEXT","unit":"","digit":false,"label":"\u540d","style":{"width":"30%","display":null,"marginTop":null,"textAlign":null,"marginLeft":null,"paddingTop":"1em","marginRight":null,"paddingLeft":"1em","marginBottom":null,"paddingRight":"1em","paddingBottom":"1em","verticalAlign":null},"format":null,"unique":false,"noLabel":false,"spStyle":[],"userType":"name","attributes":[],"labelStyle":{"color":null,"fontSize":"50%","textAlign":null,"fontWeight":"bold"},"contentStyle":{"color":null,"fontSize":"50%","textAlign":null,"fontWeight":null},"spLabelStyle":[],"unitPosition":"BEFORE","thumbnailSize":"150px","datetimeFormat":"HH:mm","hideExpression":false,"spContentStyle":[],"specialOptions":{"width":2,"format":"CODE128","height":100,"margin":10,"fontSize":20,"displayValue":true},"specialFieldSize":100,"specialFieldType":"default"},{"code":"\uff7e\uff72","type":"SINGLE_LINE_TEXT","unit":"","digit":false,"label":"\uff7e\uff72","style":{"width":"30%","display":null,"marginTop":null,"textAlign":null,"marginLeft":null,"paddingTop":"1em","marginRight":null,"paddingLeft":"1em","marginBottom":null,"paddingRight":"1em","paddingBottom":"1em","verticalAlign":null},"format":null,"unique":false,"noLabel":false,"spStyle":[],"userType":"name","attributes":[],"labelStyle":{"color":null,"fontSize":"50%","textAlign":null,"fontWeight":"bold"},"contentStyle":{"color":null,"fontSize":"50%","textAlign":null,"fontWeight":null},"spLabelStyle":[],"unitPosition":"BEFORE","thumbnailSize":"150px","datetimeFormat":"HH:mm","hideExpression":false,"spContentStyle":[],"specialOptions":{"width":2,"format":"CODE128","height":100,"margin":10,"fontSize":20,"displayValue":true},"specialFieldSize":100,"specialFieldType":"default"},{"code":"\uff92\uff72","type":"SINGLE_LINE_TEXT","unit":"","digit":false,"label":"\uff92\uff72","style":{"width":"30%","display":null,"marginTop":null,"textAlign":null,"marginLeft":null,"paddingTop":"1em","marginRight":null,"paddingLeft":"1em","marginBottom":null,"paddingRight":"1em","paddingBottom":"1em","verticalAlign":null},"format":null,"unique":false,"noLabel":false,"spStyle":[],"userType":"name","attributes":[],"labelStyle":{"color":null,"fontSize":"50%","textAlign":null,"fontWeight":"bold"},"contentStyle":{"color":null,"fontSize":"50%","textAlign":null,"fontWeight":null},"spLabelStyle":[],"unitPosition":"BEFORE","thumbnailSize":"150px","datetimeFormat":"HH:mm","hideExpression":false,"spContentStyle":[],"specialOptions":{"width":2,"format":"CODE128","height":100,"margin":10,"fontSize":20,"displayValue":true},"specialFieldSize":100,"specialFieldType":"default"},{"code":"\u5165\u793e\u5e74\u6708\u65e5","type":"DATE","unit":"","digit":false,"label":"\u5165\u793e\u5e74\u6708\u65e5","style":{"width":"25%","display":null,"marginTop":null,"textAlign":null,"marginLeft":null,"paddingTop":"1em","marginRight":null,"paddingLeft":"1em","marginBottom":null,"paddingRight":"1em","paddingBottom":"1em","verticalAlign":null},"format":null,"unique":false,"noLabel":false,"spStyle":[],"userType":"name","attributes":[],"labelStyle":{"color":null,"fontSize":"50%","textAlign":null,"fontWeight":"bold"},"contentStyle":{"color":null,"fontSize":"50%","textAlign":null,"fontWeight":null},"spLabelStyle":[],"unitPosition":"BEFORE","thumbnailSize":"150px","datetimeFormat":"YYYY-MM-DD","spContentStyle":[],"defaultExpression":null},{"code":"\u9000\u8077\u5e74\u6708\u65e5","type":"DATE","unit":"","digit":false,"label":"\u9000\u8077\u5e74\u6708\u65e5","style":{"display":null,"marginTop":null,"textAlign":null,"marginLeft":null,"paddingTop":"1em","marginRight":null,"paddingLeft":"1em","marginBottom":null,"paddingRight":"1em","paddingBottom":"1em","verticalAlign":null},"format":null,"unique":false,"noLabel":false,"spStyle":[],"userType":"name","attributes":[],"labelStyle":{"color":null,"fontSize":"50%","textAlign":null,"fontWeight":"bold"},"contentStyle":{"color":null,"fontSize":"50%","textAlign":null,"fontWeight":null},"spLabelStyle":[],"unitPosition":"BEFORE","thumbnailSize":"150px","datetimeFormat":"YYYY-MM-DD","spContentStyle":[],"defaultExpression":null},{"code":"\u624b\u7d9a\u304d401k","type":"SINGLE_LINE_TEXT","unit":"","digit":false,"label":"\u76f4\u524d\u306e\u624b\u7d9a\u304d\u540d","style":{"display":null,"marginTop":null,"textAlign":null,"marginLeft":null,"paddingTop":"1em","marginRight":null,"paddingLeft":"1em","marginBottom":null,"paddingRight":"1em","paddingBottom":"1em","verticalAlign":null},"format":null,"unique":false,"noLabel":false,"spStyle":[],"userType":"name","attributes":[],"labelStyle":{"color":null,"fontSize":"50%","textAlign":null,"fontWeight":"bold"},"contentStyle":{"color":null,"fontSize":"50%","textAlign":null,"fontWeight":null},"spLabelStyle":[],"unitPosition":"BEFORE","thumbnailSize":"150px","hideExpression":false,"spContentStyle":[],"specialOptions":{"width":2,"format":"CODE128","height":100,"margin":10,"fontSize":20,"displayValue":true},"specialFieldSize":100,"specialFieldType":"default"},{"code":"\u672c\u4eba\u62e0\u51fa\u73fe\u5728","type":"SINGLE_LINE_TEXT","unit":"","digit":false,"label":"\u73fe\u5728\u306e\u672c\u4eba\u62e0\u51fa\u984d","style":{"width":"50%","display":null,"marginTop":null,"textAlign":null,"marginLeft":null,"paddingTop":"1em","marginRight":null,"paddingLeft":"1em","marginBottom":null,"paddingRight":"1em","paddingBottom":"1em","verticalAlign":null},"format":null,"unique":false,"noLabel":false,"spStyle":[],"userType":"name","attributes":[],"labelStyle":{"color":null,"fontSize":"50%","textAlign":null,"fontWeight":"bold"},"contentStyle":{"color":null,"fontSize":"50%","textAlign":null,"fontWeight":null},"spLabelStyle":[],"unitPosition":"BEFORE","thumbnailSize":"150px","hideExpression":false,"spContentStyle":[],"specialOptions":{"width":2,"format":"CODE128","height":100,"margin":10,"fontSize":20,"displayValue":true},"specialFieldSize":100,"specialFieldType":"default"},{"code":"\u6cd5\u4eba\u62e0\u51fa\u73fe\u5728","type":"SINGLE_LINE_TEXT","unit":"","digit":false,"label":"\u73fe\u5728\u306e\u6cd5\u4eba\u62e0\u51fa\u984d","style":{"width":"50%","display":null,"marginTop":null,"textAlign":null,"marginLeft":null,"paddingTop":"1em","marginRight":null,"paddingLeft":"1em","marginBottom":null,"paddingRight":"1em","paddingBottom":"1em","verticalAlign":null},"format":null,"unique":false,"noLabel":false,"spStyle":[],"userType":"name","attributes":[],"labelStyle":{"color":null,"fontSize":"50%","textAlign":null,"fontWeight":"bold"},"contentStyle":{"color":null,"fontSize":"50%","textAlign":null,"fontWeight":null},"spLabelStyle":[],"unitPosition":"BEFORE","thumbnailSize":"150px","hideExpression":false,"spContentStyle":[],"specialOptions":{"width":2,"format":"CODE128","height":100,"margin":10,"fontSize":20,"displayValue":true},"specialFieldSize":100,"specialFieldType":"default"},{"code":"\u8cc7\u683c\u53d6\u5f97\u65e5","type":"DATE","unit":"","digit":false,"label":"\u8cc7\u683c\u53d6\u5f97\u65e5","style":{"display":null,"marginTop":null,"textAlign":null,"marginLeft":null,"paddingTop":"1em","marginRight":null,"paddingLeft":"1em","marginBottom":null,"paddingRight":"1em","paddingBottom":"1em","verticalAlign":null},"format":null,"unique":false,"noLabel":false,"spStyle":[],"userType":"name","attributes":[],"labelStyle":{"color":null,"fontSize":"50%","textAlign":null,"fontWeight":"bold"},"contentStyle":{"color":null,"fontSize":"50%","textAlign":null,"fontWeight":null},"spLabelStyle":[],"unitPosition":"BEFORE","thumbnailSize":"150px","datetimeFormat":"YYYY-MM-DD","spContentStyle":[],"defaultExpression":null},{"code":"\u521d\u56de\u639b\u91d1\u5f15\u53bb\u308a\u65e5","type":"DATE","unit":"","digit":false,"label":"\u521d\u56de\u639b\u91d1\u5f15\u53bb\u308a\u65e5","style":{"width":"","display":null,"marginTop":null,"textAlign":null,"marginLeft":null,"paddingTop":"1em","marginRight":null,"paddingLeft":"1em","marginBottom":null,"paddingRight":"1em","paddingBottom":"1em","verticalAlign":null},"format":null,"unique":false,"noLabel":false,"spStyle":[],"userType":"name","attributes":[],"labelStyle":{"color":null,"fontSize":"50%","textAlign":null,"fontWeight":"bold"},"contentStyle":{"color":null,"fontSize":"50%","textAlign":null,"fontWeight":null},"spLabelStyle":[],"unitPosition":"BEFORE","thumbnailSize":"150px","datetimeFormat":"YYYY-MM-DD","spContentStyle":[],"defaultExpression":null},{"code":"\u6700\u7d42\u639b\u91d1\u5f15\u53bb\u308a\u65e5","type":"DATE","unit":"","digit":false,"label":"\u6700\u7d42\u639b\u91d1\u5f15\u53bb\u308a\u65e5","style":{"display":null,"marginTop":null,"textAlign":null,"marginLeft":null,"paddingTop":"1em","marginRight":null,"paddingLeft":"1em","marginBottom":null,"paddingRight":"1em","paddingBottom":"1em","verticalAlign":null},"format":null,"unique":false,"noLabel":false,"spStyle":[],"userType":"name","attributes":[],"labelStyle":{"color":null,"fontSize":"50%","textAlign":null,"fontWeight":"bold"},"contentStyle":{"color":null,"fontSize":"50%","textAlign":null,"fontWeight":null},"spLabelStyle":[],"unitPosition":"BEFORE","thumbnailSize":"150px","datetimeFormat":"YYYY-MM-DD","spContentStyle":[],"defaultExpression":null},{"code":"DB\u57fa\u91d1\u52a0\u5165\u306e\u6709\u7121","type":"DROP_DOWN","unit":"","digit":false,"label":"DB\u57fa\u91d1\u52a0\u5165\u306e\u6709\u7121","style":{"width":"","height":"","display":null,"marginTop":null,"textAlign":null,"marginLeft":null,"paddingTop":"1em","marginRight":null,"paddingLeft":"1em","marginBottom":null,"paddingRight":"1em","paddingBottom":"1em","verticalAlign":null},"format":null,"noLabel":false,"options":["\u7121","\u6709"],"spStyle":[],"userType":"name","attributes":[],"labelStyle":{"color":null,"fontSize":"50%","textAlign":null,"fontWeight":"bold"},"contentStyle":{"color":null,"fontSize":"50%","textAlign":null,"fontWeight":null},"spLabelStyle":[],"unitPosition":"BEFORE","thumbnailSize":"150px","spContentStyle":[]},{"code":"\u57fa\u790e\u5e74\u91d1\u756a\u53f7401k","type":"SINGLE_LINE_TEXT","unit":"","digit":false,"label":"\u57fa\u790e\u5e74\u91d1\u756a\u53f7","style":{"width":"","display":null,"marginTop":null,"textAlign":null,"marginLeft":null,"paddingTop":"1em","marginRight":null,"paddingLeft":"1em","marginBottom":null,"paddingRight":"1em","paddingBottom":"1em","verticalAlign":null},"format":null,"unique":false,"noLabel":false,"spStyle":[],"userType":"name","attributes":[],"labelStyle":{"color":null,"fontSize":"50%","textAlign":null,"fontWeight":"bold"},"contentStyle":{"color":null,"fontSize":"50%","textAlign":null,"fontWeight":null},"spLabelStyle":[],"unitPosition":"BEFORE","thumbnailSize":"150px","hideExpression":false,"spContentStyle":[],"specialOptions":{"width":2,"format":"CODE128","height":100,"margin":10,"fontSize":20,"displayValue":true},"specialFieldSize":100,"specialFieldType":"default"},{"code":"\u52a0\u5165\u8005\uff7a\uff70\uff84\uff9e","type":"NUMBER","unit":null,"digit":false,"label":"\u7ba1\u7406\u756a\u53f7(\u5065\u5eb7\u4fdd\u967a\u756a\u53f7\u53ef)","style":{"width":"15em","display":null,"marginTop":null,"textAlign":null,"marginLeft":null,"paddingTop":"1em","marginRight":null,"paddingLeft":"1em","marginBottom":null,"paddingRight":"1em","paddingBottom":"1em","verticalAlign":null},"format":null,"unique":false,"noLabel":false,"spStyle":[],"userType":"name","attributes":[],"labelStyle":{"color":null,"fontSize":"50%","textAlign":null,"fontWeight":"bold"},"contentStyle":{"color":null,"fontSize":"50%","textAlign":null,"fontWeight":null},"displayScale":null,"spLabelStyle":[],"unitPosition":"BEFORE","thumbnailSize":"150px","datetimeFormat":"HH:mm","spContentStyle":[]}],"num":30,"isLinked":false,"disableDetailLinked":false,"isPager":true,"style":{"backgroundColor":"#ffffff"}},"sideContent":{"type":"rich","style":{"width":"30%","overflowX":"auto","backgroundColor":"#ffffff"},"content":""},"header":{"type":"rich","style":{"height":null,"overflowY":"auto","backgroundColor":null},"content":"<h1>401k\u5f93\u696d\u54e1\u30ea\u30b9\u30c8\u30d3\u30e5\u30fc<\/h1><p>\u203b\u639b\u91d1\u7b49\u306f\u6bce\u670810\u65e5\u73fe\u5728\u306e\u60c5\u5831\u3067\u3059<\/p><p>\u203b\u5de6\u7aef\u306e\u30dc\u30bf\u30f3\u304b\u3089\u624b\u7d9a\u5909\u66f4\u3057\u305f\u3044\u5f93\u696d\u54e1\u3092\u9078\u629e\u3057\u3066\u304f\u3060\u3055\u3044<\/p>"},"footer":{"type":"rich","style":{"height":null,"overflowY":"auto","backgroundColor":null},"content":""},"detailView":{"elements":[{"code":"\u52a0\u5165\u8005\u30b3\u30fc\u30c9","type":"NUMBER","unit":null,"digit":false,"label":"\u7ba1\u7406\u756a\u53f7","style":{"display":"inline-block","marginTop":null,"textAlign":null,"marginLeft":null,"paddingTop":"1em","marginRight":null,"paddingLeft":"1em","marginBottom":null,"paddingRight":"1em","paddingBottom":"1em","verticalAlign":null},"format":null,"unique":false,"noLabel":false,"spStyle":[],"userType":"name","attributes":[],"labelStyle":{"color":null,"fontSize":null,"textAlign":null,"fontWeight":"bold"},"contentStyle":{"color":null,"fontSize":null,"textAlign":null,"fontWeight":null},"displayScale":null,"spLabelStyle":[],"unitPosition":"BEFORE","thumbnailSize":"150px","datetimeFormat":"HH:mm","spContentStyle":[]},{"code":"\u59d3","type":"SINGLE_LINE_TEXT","unit":"","digit":false,"label":"\u59d3\uff08\u52b4\u50cd\u8005\uff09","style":{"display":"inline-block","marginTop":null,"textAlign":null,"marginLeft":null,"paddingTop":"1em","marginRight":null,"paddingLeft":"1em","marginBottom":null,"paddingRight":"1em","paddingBottom":"1em","verticalAlign":null},"format":null,"unique":false,"noLabel":false,"spStyle":[],"userType":"name","attributes":[],"labelStyle":{"color":null,"fontSize":null,"textAlign":null,"fontWeight":"bold"},"contentStyle":{"color":null,"fontSize":null,"textAlign":null,"fontWeight":null},"spLabelStyle":[],"unitPosition":"BEFORE","thumbnailSize":"150px","hideExpression":false,"spContentStyle":[],"specialOptions":{"width":2,"format":"CODE128","height":100,"margin":10,"fontSize":20,"displayValue":true},"specialFieldSize":100,"specialFieldType":"default"},{"code":"\u540d","type":"SINGLE_LINE_TEXT","unit":"","digit":false,"label":"\u540d\uff08\u52b4\u50cd\u8005\uff09","style":{"display":"inline-block","marginTop":null,"textAlign":null,"marginLeft":null,"paddingTop":"1em","marginRight":null,"paddingLeft":"1em","marginBottom":null,"paddingRight":"1em","paddingBottom":"1em","verticalAlign":null},"format":null,"unique":false,"noLabel":false,"spStyle":[],"userType":"name","attributes":[],"labelStyle":{"color":null,"fontSize":null,"textAlign":null,"fontWeight":"bold"},"contentStyle":{"color":null,"fontSize":null,"textAlign":null,"fontWeight":null},"spLabelStyle":[],"unitPosition":"BEFORE","thumbnailSize":"150px","hideExpression":false,"spContentStyle":[],"specialOptions":{"width":2,"format":"CODE128","height":100,"margin":10,"fontSize":20,"displayValue":true},"specialFieldSize":100,"specialFieldType":"default"},{"code":"\uff7e\uff72","type":"SINGLE_LINE_TEXT","unit":"","digit":false,"label":"\uff7e\uff72(\u534a\u89d2\uff76\uff85\uff09\uff08\u52b4\u50cd\u8005\uff09","style":{"display":"inline-block","marginTop":null,"textAlign":null,"marginLeft":null,"paddingTop":"1em","marginRight":null,"paddingLeft":"1em","marginBottom":null,"paddingRight":"1em","paddingBottom":"1em","verticalAlign":null},"format":null,"unique":false,"noLabel":false,"spStyle":[],"userType":"name","attributes":[],"labelStyle":{"color":null,"fontSize":null,"textAlign":null,"fontWeight":"bold"},"contentStyle":{"color":null,"fontSize":null,"textAlign":null,"fontWeight":null},"spLabelStyle":[],"unitPosition":"BEFORE","thumbnailSize":"150px","datetimeFormat":"HH:mm","hideExpression":false,"spContentStyle":[],"specialOptions":{"width":2,"format":"CODE128","height":100,"margin":10,"fontSize":20,"displayValue":true},"specialFieldSize":100,"specialFieldType":"default"},{"code":"\uff92\uff72","type":"SINGLE_LINE_TEXT","unit":"","digit":false,"label":"\uff92\uff72(\u534a\u89d2\uff76\uff85)\uff08\u52b4\u50cd\u8005\uff09","style":{"display":"inline-block","marginTop":null,"textAlign":null,"marginLeft":null,"paddingTop":"1em","marginRight":null,"paddingLeft":"1em","marginBottom":null,"paddingRight":"1em","paddingBottom":"1em","verticalAlign":null},"format":null,"unique":false,"noLabel":false,"spStyle":[],"userType":"name","attributes":[],"labelStyle":{"color":null,"fontSize":null,"textAlign":null,"fontWeight":"bold"},"contentStyle":{"color":null,"fontSize":null,"textAlign":null,"fontWeight":null},"spLabelStyle":[],"unitPosition":"BEFORE","thumbnailSize":"150px","hideExpression":false,"spContentStyle":[],"specialOptions":{"width":2,"format":"CODE128","height":100,"margin":10,"fontSize":20,"displayValue":true},"specialFieldSize":100,"specialFieldType":"default"},{"code":"static_field_2","type":"LABEL","unit":"","digit":false,"label":"<p><strong>-------------------------------------------------------------------------------------------------------------------<\/strong><\/p>","style":{"display":null,"marginTop":null,"textAlign":null,"marginLeft":null,"paddingTop":"1em","marginRight":null,"paddingLeft":"1em","marginBottom":null,"paddingRight":"1em","paddingBottom":"1em","verticalAlign":null},"format":null,"noLabel":false,"spStyle":[],"userType":"name","attributes":[],"labelStyle":{"color":null,"fontSize":null,"textAlign":null,"fontWeight":"bold"},"contentStyle":{"color":null,"fontSize":null,"textAlign":null,"fontWeight":null},"spLabelStyle":[],"unitPosition":"BEFORE","thumbnailSize":"150px","spContentStyle":[]},{"code":"\u6027\u5225","type":"DROP_DOWN","unit":"","digit":false,"label":"\u6027\u5225\uff08\u52b4\u50cd\u8005\uff09","style":{"display":"inline-block","marginTop":null,"textAlign":null,"marginLeft":null,"paddingTop":"1em","marginRight":null,"paddingLeft":"1em","marginBottom":null,"paddingRight":"1em","paddingBottom":"1em","verticalAlign":null},"format":null,"noLabel":false,"options":["\u7537","\u5973"],"spStyle":[],"userType":"name","attributes":[],"labelStyle":{"color":null,"fontSize":null,"textAlign":null,"fontWeight":"bold"},"contentStyle":{"color":null,"fontSize":null,"textAlign":null,"fontWeight":null},"spLabelStyle":[],"unitPosition":"BEFORE","thumbnailSize":"150px","spContentStyle":[]},{"code":"\u57fa\u790e\u5e74\u91d1\u756a\u53f7401k","type":"SINGLE_LINE_TEXT","unit":"","digit":false,"label":"\u57fa\u790e\u5e74\u91d1\u756a\u53f7","style":{"display":"inline-block","marginTop":null,"textAlign":null,"marginLeft":null,"paddingTop":"1em","marginRight":null,"paddingLeft":"1em","marginBottom":null,"paddingRight":"1em","paddingBottom":"1em","verticalAlign":null},"format":null,"unique":false,"noLabel":false,"spStyle":[],"userType":"name","attributes":[],"labelStyle":{"color":null,"fontSize":null,"textAlign":null,"fontWeight":"bold"},"contentStyle":{"color":null,"fontSize":null,"textAlign":null,"fontWeight":null},"spLabelStyle":[],"unitPosition":"BEFORE","thumbnailSize":"150px","datetimeFormat":"HH:mm","hideExpression":false,"spContentStyle":[],"specialOptions":{"width":2,"format":"CODE128","height":100,"margin":10,"fontSize":20,"displayValue":true},"specialFieldSize":100,"specialFieldType":"default"},{"code":"\u90f5\u4fbf\u756a\u53f7","type":"SINGLE_LINE_TEXT","unit":"","digit":false,"label":"\u90f5\u4fbf\u756a\u53f7","style":{"display":"inline-block","marginTop":null,"textAlign":null,"marginLeft":null,"paddingTop":"1em","marginRight":null,"paddingLeft":"1em","marginBottom":null,"paddingRight":"1em","paddingBottom":"1em","verticalAlign":null},"format":null,"unique":false,"noLabel":false,"spStyle":[],"userType":"name","attributes":[],"labelStyle":{"color":null,"fontSize":null,"textAlign":null,"fontWeight":"bold"},"contentStyle":{"color":null,"fontSize":null,"textAlign":null,"fontWeight":null},"spLabelStyle":[],"unitPosition":"BEFORE","thumbnailSize":"150px","datetimeFormat":"HH:mm","hideExpression":false,"spContentStyle":[],"specialOptions":{"width":2,"format":"CODE128","height":100,"margin":10,"fontSize":20,"displayValue":true},"specialFieldSize":100,"specialFieldType":"default"},{"code":"\u4f4f\u6240","type":"SINGLE_LINE_TEXT","unit":"","digit":false,"label":"\u4f4f\u6240\uff08\u90fd\u9053\u5e9c\u770c\u304b\u3089\uff09","style":{"display":"inline-block","marginTop":null,"textAlign":null,"marginLeft":null,"paddingTop":"1em","marginRight":null,"paddingLeft":"1em","marginBottom":null,"paddingRight":"1em","paddingBottom":"1em","verticalAlign":null},"format":null,"unique":false,"noLabel":false,"spStyle":[],"userType":"name","attributes":[],"labelStyle":{"color":null,"fontSize":null,"textAlign":null,"fontWeight":"bold"},"contentStyle":{"color":null,"fontSize":null,"textAlign":null,"fontWeight":null},"spLabelStyle":[],"unitPosition":"BEFORE","thumbnailSize":"150px","hideExpression":false,"spContentStyle":[],"specialOptions":{"width":2,"format":"CODE128","height":100,"margin":10,"fontSize":20,"displayValue":true},"specialFieldSize":100,"specialFieldType":"default"},{"code":"\u4f4f\u6240\uff8c\uff98\uff76\uff9e\uff85","type":"SINGLE_LINE_TEXT","unit":"","digit":false,"label":"\u4f4f\u6240(\u5168\u89d2)","style":{"display":"inline-block","marginTop":null,"textAlign":null,"marginLeft":null,"paddingTop":"1em","marginRight":null,"paddingLeft":"1em","marginBottom":null,"paddingRight":"1em","paddingBottom":"1em","verticalAlign":null},"format":null,"unique":false,"noLabel":false,"spStyle":[],"userType":"name","attributes":[],"labelStyle":{"color":null,"fontSize":null,"textAlign":null,"fontWeight":"bold"},"contentStyle":{"color":null,"fontSize":null,"textAlign":null,"fontWeight":null},"spLabelStyle":[],"unitPosition":"BEFORE","thumbnailSize":"150px","datetimeFormat":"HH:mm","hideExpression":false,"spContentStyle":[],"specialOptions":{"width":2,"format":"CODE128","height":100,"margin":10,"fontSize":20,"displayValue":true},"specialFieldSize":100,"specialFieldType":"default"},{"code":"DB\u57fa\u91d1\u52a0\u5165\u306e\u6709\u7121","type":"RADIO_BUTTON","unit":"","digit":false,"label":"DB\u57fa\u91d1\u52a0\u5165\u306e\u6709\u7121","style":{"display":"inline-block","marginTop":null,"textAlign":null,"marginLeft":null,"paddingTop":"1em","marginRight":null,"paddingLeft":"1em","marginBottom":null,"paddingRight":"1em","paddingBottom":"1em","verticalAlign":null},"format":null,"noLabel":false,"options":["\u7121","\u6709"],"spStyle":[],"userType":"name","attributes":[],"labelStyle":{"color":null,"fontSize":null,"textAlign":null,"fontWeight":"bold"},"contentStyle":{"color":null,"fontSize":null,"textAlign":null,"fontWeight":null},"spLabelStyle":[],"unitPosition":"BEFORE","thumbnailSize":"150px","spContentStyle":[]},{"code":"static_field_3","type":"LABEL","unit":"","digit":false,"label":"<p><strong>-------------------------------------------------------------------------------------------------------------------<\/strong><\/p>","style":{"display":"block","marginTop":null,"textAlign":null,"marginLeft":null,"paddingTop":"1em","marginRight":null,"paddingLeft":"1em","marginBottom":null,"paddingRight":"1em","paddingBottom":"1em","verticalAlign":null},"format":null,"noLabel":false,"spStyle":[],"userType":"name","attributes":[],"labelStyle":{"color":null,"fontSize":null,"textAlign":null,"fontWeight":"bold"},"contentStyle":{"color":null,"fontSize":null,"textAlign":null,"fontWeight":null},"spLabelStyle":[],"unitPosition":"BEFORE","thumbnailSize":"150px","spContentStyle":[]},{"code":"\u52a0\u5165401k","type":"SUBTABLE","unit":"","digit":false,"label":"\u25cf\u52a0\u5165","style":{"display":null,"marginTop":null,"textAlign":null,"marginLeft":null,"paddingTop":"1em","marginRight":null,"paddingLeft":"1em","marginBottom":null,"paddingRight":"1em","paddingBottom":"1em","verticalAlign":null},"fields":[{"code":"\u9023\u7d61\u65e5\u6642\u52a0\u5165","type":"SINGLE_LINE_TEXT","unit":"","digit":false,"label":"\u9023\u7d61\u65e5\u6642","style":{"color":null,"display":null,"fontSize":null,"marginTop":null,"textAlign":null,"fontWeight":null,"marginLeft":null,"paddingTop":"1em","marginRight":null,"paddingLeft":"1em","marginBottom":null,"paddingRight":"1em","paddingBottom":"1em","verticalAlign":null},"format":null,"unique":false,"noLabel":false,"spStyle":[],"userType":"name","attributes":[],"labelStyle":{"color":null,"fontSize":null,"textAlign":null,"fontWeight":"bold"},"contentStyle":{"color":null,"fontSize":null,"textAlign":null,"fontWeight":null},"spLabelStyle":[],"unitPosition":"BEFORE","thumbnailSize":"150px","datetimeFormat":"HH:mm","hideExpression":false,"spContentStyle":[],"specialOptions":{"width":2,"format":"CODE128","height":100,"margin":10,"fontSize":20,"displayValue":true},"specialFieldSize":100,"specialFieldType":"default"},{"code":"\u8cc7\u683c\u53d6\u5f97\u958b\u59cb\u65e5","type":"DATE","unit":"","digit":false,"label":"\u8cc7\u683c\u53d6\u5f97\u958b\u59cb\u65e5","style":{"color":null,"display":null,"fontSize":null,"marginTop":null,"textAlign":null,"fontWeight":null,"marginLeft":null,"paddingTop":"1em","marginRight":null,"paddingLeft":"1em","marginBottom":null,"paddingRight":"1em","paddingBottom":"1em","verticalAlign":null},"format":null,"unique":false,"noLabel":false,"spStyle":[],"userType":"name","attributes":[],"labelStyle":{"color":null,"fontSize":null,"textAlign":null,"fontWeight":"bold"},"contentStyle":{"color":null,"fontSize":null,"textAlign":null,"fontWeight":null},"spLabelStyle":[],"unitPosition":"BEFORE","thumbnailSize":"150px","datetimeFormat":"YYYY-MM-DD","spContentStyle":[],"defaultExpression":null},{"code":"\u672c\u4eba\u62e0\u51fa\u306e\u6709\u7121\u52a0\u5165","type":"SINGLE_LINE_TEXT","unit":"","digit":false,"label":"\u672c\u4eba\u62e0\u51fa\u306e\u6709\u7121","style":{"color":null,"display":null,"fontSize":null,"marginTop":null,"textAlign":null,"fontWeight":null,"marginLeft":null,"paddingTop":"1em","marginRight":null,"paddingLeft":"1em","marginBottom":null,"paddingRight":"1em","paddingBottom":"1em","verticalAlign":null},"format":null,"unique":false,"noLabel":false,"spStyle":[],"userType":"name","attributes":[],"labelStyle":{"color":null,"fontSize":null,"textAlign":null,"fontWeight":"bold"},"contentStyle":{"color":null,"fontSize":null,"textAlign":null,"fontWeight":null},"spLabelStyle":[],"unitPosition":"BEFORE","thumbnailSize":"150px","datetimeFormat":"HH:mm","hideExpression":false,"spContentStyle":[],"specialOptions":{"width":2,"format":"CODE128","height":100,"margin":10,"fontSize":20,"displayValue":true},"specialFieldSize":100,"specialFieldType":"default"},{"code":"\u672c\u4eba\u62e0\u51fa\u984d\u52a0\u5165","type":"SINGLE_LINE_TEXT","unit":"","digit":false,"label":"\u672c\u4eba\u62e0\u51fa\u984d","style":{"color":null,"display":null,"fontSize":null,"marginTop":null,"textAlign":null,"fontWeight":null,"marginLeft":null,"paddingTop":"1em","marginRight":null,"paddingLeft":"1em","marginBottom":null,"paddingRight":"1em","paddingBottom":"1em","verticalAlign":null},"format":null,"unique":false,"noLabel":false,"spStyle":[],"userType":"name","attributes":[],"labelStyle":{"color":null,"fontSize":null,"textAlign":null,"fontWeight":"bold"},"contentStyle":{"color":null,"fontSize":null,"textAlign":null,"fontWeight":null},"spLabelStyle":[],"unitPosition":"BEFORE","thumbnailSize":"150px","datetimeFormat":"HH:mm","hideExpression":false,"spContentStyle":[],"specialOptions":{"width":2,"format":"CODE128","height":100,"margin":10,"fontSize":20,"displayValue":true},"specialFieldSize":100,"specialFieldType":"default"},{"code":"\u6cd5\u4eba\u62e0\u51fa\u984d\u52a0\u5165","type":"SINGLE_LINE_TEXT","unit":"","digit":false,"label":"\u6cd5\u4eba\u62e0\u51fa\u984d","style":{"color":null,"display":null,"fontSize":null,"marginTop":null,"textAlign":null,"fontWeight":null,"marginLeft":null,"paddingTop":"1em","marginRight":null,"paddingLeft":"1em","marginBottom":null,"paddingRight":"1em","paddingBottom":"1em","verticalAlign":null},"format":null,"unique":false,"noLabel":false,"spStyle":[],"userType":"name","attributes":[],"labelStyle":{"color":null,"fontSize":null,"textAlign":null,"fontWeight":"bold"},"contentStyle":{"color":null,"fontSize":null,"textAlign":null,"fontWeight":null},"spLabelStyle":[],"unitPosition":"BEFORE","thumbnailSize":"150px","datetimeFormat":"HH:mm","hideExpression":false,"spContentStyle":[],"specialOptions":{"width":2,"format":"CODE128","height":100,"margin":10,"fontSize":20,"displayValue":true},"specialFieldSize":100,"specialFieldType":"default"},{"code":"\u624b\u7d9a\u304d\u52a0\u5165","type":"DROP_DOWN","unit":"","digit":false,"label":"\u624b\u7d9a\u304d\u72b6\u6cc1","style":{"color":null,"display":null,"fontSize":null,"marginTop":null,"textAlign":null,"fontWeight":null,"marginLeft":null,"paddingTop":"1em","marginRight":null,"paddingLeft":"1em","marginBottom":null,"paddingRight":"1em","paddingBottom":"1em","verticalAlign":null},"format":null,"noLabel":false,"options":["\u624b\u7d9a\u304d\u4e2d","\u624b\u7d9a\u304d\u6e08\u307f"],"spStyle":[],"userType":"name","attributes":[],"labelStyle":{"color":null,"fontSize":null,"textAlign":null,"fontWeight":"bold"},"contentStyle":{"color":null,"fontSize":null,"textAlign":null,"fontWeight":null},"spLabelStyle":[],"unitPosition":"BEFORE","thumbnailSize":"150px","datetimeFormat":"HH:mm","spContentStyle":[]}],"format":null,"noLabel":false,"spStyle":[],"userType":"name","attributes":[],"labelStyle":{"color":null,"fontSize":null,"textAlign":null,"fontWeight":"bold"},"contentStyle":{"color":null,"fontSize":null,"textAlign":null,"fontWeight":null},"spLabelStyle":[],"unitPosition":"BEFORE","thumbnailSize":"150px","datetimeFormat":"HH:mm","spContentStyle":[]},{"code":"\u55aa\u5931401k","type":"SUBTABLE","unit":"","digit":false,"label":"\u25cf\u55aa\u5931","style":{"display":null,"marginTop":null,"textAlign":null,"marginLeft":null,"paddingTop":"1em","marginRight":null,"paddingLeft":"1em","marginBottom":null,"paddingRight":"1em","paddingBottom":"1em","verticalAlign":null},"fields":[{"code":"\u9023\u7d61\u65e5\u6642\u55aa\u5931","type":"SINGLE_LINE_TEXT","unit":"","digit":false,"label":"\u9023\u7d61\u65e5\u6642","style":{"color":null,"display":null,"fontSize":null,"marginTop":null,"textAlign":null,"fontWeight":null,"marginLeft":null,"paddingTop":"1em","marginRight":null,"paddingLeft":"1em","marginBottom":null,"paddingRight":"1em","paddingBottom":"1em","verticalAlign":null},"format":null,"unique":false,"noLabel":false,"spStyle":[],"userType":"name","attributes":[],"labelStyle":{"color":null,"fontSize":null,"textAlign":null,"fontWeight":"bold"},"contentStyle":{"color":null,"fontSize":null,"textAlign":null,"fontWeight":null},"spLabelStyle":[],"unitPosition":"BEFORE","thumbnailSize":"150px","datetimeFormat":"HH:mm","hideExpression":false,"spContentStyle":[],"specialOptions":{"width":2,"format":"CODE128","height":100,"margin":10,"fontSize":20,"displayValue":true},"specialFieldSize":100,"specialFieldType":"default"},{"code":"\u9000\u8077\u7406\u7531\u55aa\u5931","type":"SINGLE_LINE_TEXT","unit":"","digit":false,"label":"\u9000\u8077\u7406\u7531","style":{"color":null,"display":null,"fontSize":null,"marginTop":null,"textAlign":null,"fontWeight":null,"marginLeft":null,"paddingTop":"1em","marginRight":null,"paddingLeft":"1em","marginBottom":null,"paddingRight":"1em","paddingBottom":"1em","verticalAlign":null},"format":null,"unique":false,"noLabel":false,"spStyle":[],"userType":"name","attributes":[],"labelStyle":{"color":null,"fontSize":null,"textAlign":null,"fontWeight":"bold"},"contentStyle":{"color":null,"fontSize":null,"textAlign":null,"fontWeight":null},"spLabelStyle":[],"unitPosition":"BEFORE","thumbnailSize":"150px","datetimeFormat":"HH:mm","hideExpression":false,"spContentStyle":[],"specialOptions":{"width":2,"format":"CODE128","height":100,"margin":10,"fontSize":20,"displayValue":true},"specialFieldSize":100,"specialFieldType":"default"},{"code":"\u8cc7\u683c\u55aa\u5931\u65e5\u55aa\u5931","type":"DATE","unit":"","digit":false,"label":"\u8cc7\u683c\u55aa\u5931\u65e5","style":{"color":null,"display":null,"fontSize":null,"marginTop":null,"textAlign":null,"fontWeight":null,"marginLeft":null,"paddingTop":"1em","marginRight":null,"paddingLeft":"1em","marginBottom":null,"paddingRight":"1em","paddingBottom":"1em","verticalAlign":null},"format":null,"unique":false,"noLabel":false,"spStyle":[],"userType":"name","attributes":[],"labelStyle":{"color":null,"fontSize":null,"textAlign":null,"fontWeight":"bold"},"contentStyle":{"color":null,"fontSize":null,"textAlign":null,"fontWeight":null},"spLabelStyle":[],"unitPosition":"BEFORE","thumbnailSize":"150px","datetimeFormat":"YYYY-MM-DD","spContentStyle":[],"defaultExpression":null},{"code":"\u63d0\u51fa\u66f8\u985e\u55aa\u5931","type":"FILE","unit":"","digit":false,"label":"\u55aa\u5931\u6642\u63d0\u51fa\u66f8\u985e","style":{"color":null,"display":null,"fontSize":null,"marginTop":null,"textAlign":null,"fontWeight":null,"marginLeft":null,"paddingTop":"1em","marginRight":null,"paddingLeft":"1em","marginBottom":null,"paddingRight":"1em","paddingBottom":"1em","verticalAlign":null},"format":null,"noLabel":false,"spStyle":[],"userType":"name","attributes":[],"labelStyle":{"color":null,"fontSize":null,"textAlign":null,"fontWeight":"bold"},"contentStyle":{"color":null,"fontSize":null,"textAlign":null,"fontWeight":null},"spLabelStyle":[],"unitPosition":"BEFORE","thumbnailSize":"150px","datetimeFormat":"HH:mm","spContentStyle":[],"disabledDownload":false},{"code":"\u5099\u8003\u55aa\u5931","type":"SINGLE_LINE_TEXT","unit":"","digit":false,"label":"\u5099\u8003","style":{"color":null,"display":null,"fontSize":null,"marginTop":null,"textAlign":null,"fontWeight":null,"marginLeft":null,"paddingTop":"1em","marginRight":null,"paddingLeft":"1em","marginBottom":null,"paddingRight":"1em","paddingBottom":"1em","verticalAlign":null},"format":null,"unique":false,"noLabel":false,"spStyle":[],"userType":"name","attributes":[],"labelStyle":{"color":null,"fontSize":null,"textAlign":null,"fontWeight":"bold"},"contentStyle":{"color":null,"fontSize":null,"textAlign":null,"fontWeight":null},"spLabelStyle":[],"unitPosition":"BEFORE","thumbnailSize":"150px","datetimeFormat":"HH:mm","hideExpression":false,"spContentStyle":[],"specialOptions":{"width":2,"format":"CODE128","height":100,"margin":10,"fontSize":20,"displayValue":true},"specialFieldSize":100,"specialFieldType":"default"},{"code":"\u624b\u7d9a\u304d\u55aa\u5931","type":"DROP_DOWN","unit":"","digit":false,"label":"\u624b\u7d9a\u304d\u72b6\u6cc1","style":{"color":null,"display":null,"fontSize":null,"marginTop":null,"textAlign":null,"fontWeight":null,"marginLeft":null,"paddingTop":"1em","marginRight":null,"paddingLeft":"1em","marginBottom":null,"paddingRight":"1em","paddingBottom":"1em","verticalAlign":null},"format":null,"noLabel":false,"options":["\u624b\u7d9a\u304d\u4e2d","\u624b\u7d9a\u304d\u6e08\u307f"],"spStyle":[],"userType":"name","attributes":[],"labelStyle":{"color":null,"fontSize":null,"textAlign":null,"fontWeight":"bold"},"contentStyle":{"color":null,"fontSize":null,"textAlign":null,"fontWeight":null},"spLabelStyle":[],"unitPosition":"BEFORE","thumbnailSize":"150px","datetimeFormat":"HH:mm","spContentStyle":[]}],"format":null,"noLabel":false,"spStyle":[],"userType":"name","attributes":[],"labelStyle":{"color":null,"fontSize":null,"textAlign":null,"fontWeight":"bold"},"contentStyle":{"color":null,"fontSize":null,"textAlign":null,"fontWeight":null},"spLabelStyle":[],"unitPosition":"BEFORE","thumbnailSize":"150px","datetimeFormat":"HH:mm","spContentStyle":[]},{"code":"\u639b\u91d1\u5909\u66f4401k","type":"SUBTABLE","unit":"","digit":false,"label":"\u25cf\u639b\u91d1\u5909\u66f4","style":{"display":null,"marginTop":null,"textAlign":null,"marginLeft":null,"paddingTop":"1em","marginRight":null,"paddingLeft":"1em","marginBottom":null,"paddingRight":"1em","paddingBottom":"1em","verticalAlign":null},"fields":[{"code":"\u9023\u7d61\u65e5\u6642\u639b\u91d1\u5909\u66f4","type":"SINGLE_LINE_TEXT","unit":"","digit":false,"label":"\u9023\u7d61\u65e5\u6642","style":{"color":null,"display":null,"fontSize":null,"marginTop":null,"textAlign":null,"fontWeight":null,"marginLeft":null,"paddingTop":"1em","marginRight":null,"paddingLeft":"1em","marginBottom":null,"paddingRight":"1em","paddingBottom":"1em","verticalAlign":null},"format":null,"unique":false,"noLabel":false,"spStyle":[],"userType":"name","attributes":[],"labelStyle":{"color":null,"fontSize":null,"textAlign":null,"fontWeight":"bold"},"contentStyle":{"color":null,"fontSize":null,"textAlign":null,"fontWeight":null},"spLabelStyle":[],"unitPosition":"BEFORE","thumbnailSize":"150px","datetimeFormat":"HH:mm","hideExpression":false,"spContentStyle":[],"specialOptions":{"width":2,"format":"CODE128","height":100,"margin":10,"fontSize":20,"displayValue":true},"specialFieldSize":100,"specialFieldType":"default"},{"code":"\u639b\u91d1\u5909\u66f4\u65e5","type":"DATE","unit":"","digit":false,"label":"\u639b\u91d1\u5909\u66f4\u65e5","style":{"color":null,"display":null,"fontSize":null,"marginTop":null,"textAlign":null,"fontWeight":null,"marginLeft":null,"paddingTop":"1em","marginRight":null,"paddingLeft":"1em","marginBottom":null,"paddingRight":"1em","paddingBottom":"1em","verticalAlign":null},"format":null,"unique":false,"noLabel":false,"spStyle":[],"userType":"name","attributes":[],"labelStyle":{"color":null,"fontSize":null,"textAlign":null,"fontWeight":"bold"},"contentStyle":{"color":null,"fontSize":null,"textAlign":null,"fontWeight":null},"spLabelStyle":[],"unitPosition":"BEFORE","thumbnailSize":"150px","datetimeFormat":"YYYY-MM-DD","spContentStyle":[],"defaultExpression":null},{"code":"\u672c\u4eba\u62e0\u51fa\u984d\u639b\u91d1\u5909\u66f4","type":"SINGLE_LINE_TEXT","unit":"","digit":false,"label":"\u672c\u4eba\u62e0\u51fa\u984d\u5909\u66f4\u5f8c\u306e\u91d1\u984d","style":{"color":null,"display":null,"fontSize":null,"marginTop":null,"textAlign":null,"fontWeight":null,"marginLeft":null,"paddingTop":"1em","marginRight":null,"paddingLeft":"1em","marginBottom":null,"paddingRight":"1em","paddingBottom":"1em","verticalAlign":null},"format":null,"unique":false,"noLabel":false,"spStyle":[],"userType":"name","attributes":[],"labelStyle":{"color":null,"fontSize":null,"textAlign":null,"fontWeight":"bold"},"contentStyle":{"color":null,"fontSize":null,"textAlign":null,"fontWeight":null},"spLabelStyle":[],"unitPosition":"BEFORE","thumbnailSize":"150px","datetimeFormat":"HH:mm","hideExpression":false,"spContentStyle":[],"specialOptions":{"width":2,"format":"CODE128","height":100,"margin":10,"fontSize":20,"displayValue":true},"specialFieldSize":100,"specialFieldType":"default"},{"code":"\u6cd5\u4eba\u62e0\u51fa\u984d\u639b\u91d1\u5909\u66f4","type":"SINGLE_LINE_TEXT","unit":"","digit":false,"label":"\u6cd5\u4eba\u62e0\u51fa\u984d\u5909\u66f4\u5f8c\u306e\u91d1\u984d","style":{"color":null,"display":null,"fontSize":null,"marginTop":null,"textAlign":null,"fontWeight":null,"marginLeft":null,"paddingTop":"1em","marginRight":null,"paddingLeft":"1em","marginBottom":null,"paddingRight":"1em","paddingBottom":"1em","verticalAlign":null},"format":null,"unique":false,"noLabel":false,"spStyle":[],"userType":"name","attributes":[],"labelStyle":{"color":null,"fontSize":null,"textAlign":null,"fontWeight":"bold"},"contentStyle":{"color":null,"fontSize":null,"textAlign":null,"fontWeight":null},"spLabelStyle":[],"unitPosition":"BEFORE","thumbnailSize":"150px","datetimeFormat":"HH:mm","hideExpression":false,"spContentStyle":[],"specialOptions":{"width":2,"format":"CODE128","height":100,"margin":10,"fontSize":20,"displayValue":true},"specialFieldSize":100,"specialFieldType":"default"},{"code":"\u624b\u7d9a\u304d\u639b\u91d1\u5909\u66f4","type":"DROP_DOWN","unit":"","digit":false,"label":"\u624b\u7d9a\u304d\u72b6\u6cc1","style":{"color":null,"display":null,"fontSize":null,"marginTop":null,"textAlign":null,"fontWeight":null,"marginLeft":null,"paddingTop":"1em","marginRight":null,"paddingLeft":"1em","marginBottom":null,"paddingRight":"1em","paddingBottom":"1em","verticalAlign":null},"format":null,"noLabel":false,"options":["\u624b\u7d9a\u304d\u4e2d","\u624b\u7d9a\u304d\u6e08\u307f"],"spStyle":[],"userType":"name","attributes":[],"labelStyle":{"color":null,"fontSize":null,"textAlign":null,"fontWeight":"bold"},"contentStyle":{"color":null,"fontSize":null,"textAlign":null,"fontWeight":null},"spLabelStyle":[],"unitPosition":"BEFORE","thumbnailSize":"150px","datetimeFormat":"HH:mm","spContentStyle":[]}],"format":null,"noLabel":false,"spStyle":[],"userType":"name","attributes":[],"labelStyle":{"color":null,"fontSize":null,"textAlign":null,"fontWeight":"bold"},"contentStyle":{"color":null,"fontSize":null,"textAlign":null,"fontWeight":null},"spLabelStyle":[],"unitPosition":"BEFORE","thumbnailSize":"150px","datetimeFormat":"HH:mm","spContentStyle":[]},{"code":"\u80b2\u4f11\u4f11\u8077401k","type":"SUBTABLE","unit":"","digit":false,"label":"\u25cf\u80b2\u4f11\u4f11\u8077","style":{"display":null,"marginTop":null,"textAlign":null,"marginLeft":null,"paddingTop":"1em","marginRight":null,"paddingLeft":"1em","marginBottom":null,"paddingRight":"1em","paddingBottom":"1em","verticalAlign":null},"fields":[{"code":"\u9023\u7d61\u65e5\u6642\u80b2\u4f11","type":"SINGLE_LINE_TEXT","unit":"","digit":false,"label":"\u9023\u7d61\u65e5\u6642","style":{"color":null,"display":null,"fontSize":null,"marginTop":null,"textAlign":null,"fontWeight":null,"marginLeft":null,"paddingTop":"1em","marginRight":null,"paddingLeft":"1em","marginBottom":null,"paddingRight":"1em","paddingBottom":"1em","verticalAlign":null},"format":null,"unique":false,"noLabel":false,"spStyle":[],"userType":"name","attributes":[],"labelStyle":{"color":null,"fontSize":null,"textAlign":null,"fontWeight":"bold"},"contentStyle":{"color":null,"fontSize":null,"textAlign":null,"fontWeight":null},"spLabelStyle":[],"unitPosition":"BEFORE","thumbnailSize":"150px","datetimeFormat":"HH:mm","hideExpression":false,"spContentStyle":[],"specialOptions":{"width":2,"format":"CODE128","height":100,"margin":10,"fontSize":20,"displayValue":true},"specialFieldSize":100,"specialFieldType":"default"},{"code":"\u4f11\u6b62\u3059\u308b\u62e0\u51fa\u5e74\u6708","type":"DATE","unit":"","digit":false,"label":"\u4f11\u6b62\u3059\u308b\u62e0\u51fa\u5e74\u6708","style":{"color":null,"display":null,"fontSize":null,"marginTop":null,"textAlign":null,"fontWeight":null,"marginLeft":null,"paddingTop":"1em","marginRight":null,"paddingLeft":"1em","marginBottom":null,"paddingRight":"1em","paddingBottom":"1em","verticalAlign":null},"format":null,"unique":false,"noLabel":false,"spStyle":[],"userType":"name","attributes":[],"labelStyle":{"color":null,"fontSize":null,"textAlign":null,"fontWeight":"bold"},"contentStyle":{"color":null,"fontSize":null,"textAlign":null,"fontWeight":null},"spLabelStyle":[],"unitPosition":"BEFORE","thumbnailSize":"150px","datetimeFormat":"YYYY-MM-DD","spContentStyle":[],"defaultExpression":null},{"code":"\u639b\u91d1\u306e\u505c\u6b62\u5e0c\u671b\u306e\u6709\u7121\u80b2\u4f11","type":"CHECK_BOX","unit":"","digit":false,"label":"\u639b\u91d1\u306e\u505c\u6b62\u5e0c\u671b\u306e\u6709\u7121","style":{"color":null,"display":null,"fontSize":null,"marginTop":null,"textAlign":null,"fontWeight":null,"marginLeft":null,"paddingTop":"1em","marginRight":null,"paddingLeft":"1em","marginBottom":null,"paddingRight":"1em","paddingBottom":"1em","verticalAlign":null},"format":null,"noLabel":false,"options":["\u6709","\u7121"],"spStyle":[],"userType":"name","attributes":[],"labelStyle":{"color":null,"fontSize":null,"textAlign":null,"fontWeight":"bold"},"contentStyle":{"color":null,"fontSize":null,"textAlign":null,"fontWeight":null},"spLabelStyle":[],"unitPosition":"BEFORE","thumbnailSize":"150px","datetimeFormat":"HH:mm","spContentStyle":[]},{"code":"\u624b\u7d9a\u304d\u80b2\u4f11\u4f11\u8077","type":"DROP_DOWN","unit":"","digit":false,"label":"\u624b\u7d9a\u304d\u72b6\u6cc1","style":{"color":null,"display":null,"fontSize":null,"marginTop":null,"textAlign":null,"fontWeight":null,"marginLeft":null,"paddingTop":"1em","marginRight":null,"paddingLeft":"1em","marginBottom":null,"paddingRight":"1em","paddingBottom":"1em","verticalAlign":null},"format":null,"noLabel":false,"options":["\u624b\u7d9a\u304d\u4e2d","\u624b\u7d9a\u304d\u6e08\u307f"],"spStyle":[],"userType":"name","attributes":[],"labelStyle":{"color":null,"fontSize":null,"textAlign":null,"fontWeight":"bold"},"contentStyle":{"color":null,"fontSize":null,"textAlign":null,"fontWeight":null},"spLabelStyle":[],"unitPosition":"BEFORE","thumbnailSize":"150px","datetimeFormat":"HH:mm","spContentStyle":[]}],"format":null,"noLabel":false,"spStyle":[],"userType":"name","attributes":[],"labelStyle":{"color":null,"fontSize":null,"textAlign":null,"fontWeight":"bold"},"contentStyle":{"color":null,"fontSize":null,"textAlign":null,"fontWeight":null},"spLabelStyle":[],"unitPosition":"BEFORE","thumbnailSize":"150px","datetimeFormat":"HH:mm","spContentStyle":[]},{"code":"\u5fa9\u8077401k","type":"SUBTABLE","unit":"","digit":false,"label":"\u25cf\u5fa9\u8077","style":{"display":null,"marginTop":null,"textAlign":null,"marginLeft":null,"paddingTop":"1em","marginRight":null,"paddingLeft":"1em","marginBottom":null,"paddingRight":"1em","paddingBottom":"1em","verticalAlign":null},"fields":[{"code":"\u9023\u7d61\u65e5\u6642\u5fa9\u8077","type":"SINGLE_LINE_TEXT","unit":"","digit":false,"label":"\u9023\u7d61\u65e5\u6642","style":{"color":null,"display":null,"fontSize":null,"marginTop":null,"textAlign":null,"fontWeight":null,"marginLeft":null,"paddingTop":"1em","marginRight":null,"paddingLeft":"1em","marginBottom":null,"paddingRight":"1em","paddingBottom":"1em","verticalAlign":null},"format":null,"unique":false,"noLabel":false,"spStyle":[],"userType":"name","attributes":[],"labelStyle":{"color":null,"fontSize":null,"textAlign":null,"fontWeight":"bold"},"contentStyle":{"color":null,"fontSize":null,"textAlign":null,"fontWeight":null},"spLabelStyle":[],"unitPosition":"BEFORE","thumbnailSize":"150px","datetimeFormat":"HH:mm","hideExpression":false,"spContentStyle":[],"specialOptions":{"width":2,"format":"CODE128","height":100,"margin":10,"fontSize":20,"displayValue":true},"specialFieldSize":100,"specialFieldType":"default"},{"code":"\u518d\u958b\u3059\u308b\u62e0\u51fa\u5e74\u6708\u5fa9\u8077","type":"DATE","unit":"","digit":false,"label":"\u518d\u958b\u3059\u308b\u62e0\u51fa\u5e74\u6708","style":{"color":null,"display":null,"fontSize":null,"marginTop":null,"textAlign":null,"fontWeight":null,"marginLeft":null,"paddingTop":"1em","marginRight":null,"paddingLeft":"1em","marginBottom":null,"paddingRight":"1em","paddingBottom":"1em","verticalAlign":null},"format":null,"unique":false,"noLabel":false,"spStyle":[],"userType":"name","attributes":[],"labelStyle":{"color":null,"fontSize":null,"textAlign":null,"fontWeight":"bold"},"contentStyle":{"color":null,"fontSize":null,"textAlign":null,"fontWeight":null},"spLabelStyle":[],"unitPosition":"BEFORE","thumbnailSize":"150px","datetimeFormat":"YYYY-MM-DD","spContentStyle":[],"defaultExpression":null},{"code":"\u518d\u958b\u5f8c\u639b\u91d1","type":"SINGLE_LINE_TEXT","unit":"","digit":false,"label":"\u518d\u958b\u5f8c\u306e\u639b\u91d1","style":{"color":null,"display":null,"fontSize":null,"marginTop":null,"textAlign":null,"fontWeight":null,"marginLeft":null,"paddingTop":"1em","marginRight":null,"paddingLeft":"1em","marginBottom":null,"paddingRight":"1em","paddingBottom":"1em","verticalAlign":null},"format":null,"unique":false,"noLabel":false,"spStyle":[],"userType":"name","attributes":[],"labelStyle":{"color":null,"fontSize":null,"textAlign":null,"fontWeight":"bold"},"contentStyle":{"color":null,"fontSize":null,"textAlign":null,"fontWeight":null},"spLabelStyle":[],"unitPosition":"BEFORE","thumbnailSize":"150px","datetimeFormat":"HH:mm","hideExpression":false,"spContentStyle":[],"specialOptions":{"width":2,"format":"CODE128","height":100,"margin":10,"fontSize":20,"displayValue":true},"specialFieldSize":100,"specialFieldType":"default"},{"code":"\u624b\u7d9a\u304d\u5fa9\u8077","type":"DROP_DOWN","unit":"","digit":false,"label":"\u624b\u7d9a\u304d\u72b6\u6cc1","style":{"color":null,"display":null,"fontSize":null,"marginTop":null,"textAlign":null,"fontWeight":null,"marginLeft":null,"paddingTop":"1em","marginRight":null,"paddingLeft":"1em","marginBottom":null,"paddingRight":"1em","paddingBottom":"1em","verticalAlign":null},"format":null,"noLabel":false,"options":["\u624b\u7d9a\u304d\u4e2d","\u624b\u7d9a\u304d\u6e08\u307f"],"spStyle":[],"userType":"name","attributes":[],"labelStyle":{"color":null,"fontSize":null,"textAlign":null,"fontWeight":"bold"},"contentStyle":{"color":null,"fontSize":null,"textAlign":null,"fontWeight":null},"spLabelStyle":[],"unitPosition":"BEFORE","thumbnailSize":"150px","datetimeFormat":"HH:mm","spContentStyle":[]}],"format":null,"noLabel":false,"spStyle":[],"userType":"name","attributes":[],"labelStyle":{"color":null,"fontSize":null,"textAlign":null,"fontWeight":"bold"},"contentStyle":{"color":null,"fontSize":null,"textAlign":null,"fontWeight":null},"spLabelStyle":[],"unitPosition":"BEFORE","thumbnailSize":"150px","datetimeFormat":"HH:mm","spContentStyle":[]},{"code":"\u4f4f\u6240\u5909\u66f4401k","type":"SUBTABLE","unit":"","digit":false,"label":"\u25cf\u4f4f\u6240\u5909\u66f4","style":{"display":null,"marginTop":null,"textAlign":null,"marginLeft":null,"paddingTop":"1em","marginRight":null,"paddingLeft":"1em","marginBottom":null,"paddingRight":"1em","paddingBottom":"1em","verticalAlign":null},"fields":[{"code":"\u9023\u7d61\u65e5\u6642\u4f4f\u6240\u5909\u66f4","type":"SINGLE_LINE_TEXT","unit":"","digit":false,"label":"\u9023\u7d61\u65e5\u6642","style":{"color":null,"display":null,"fontSize":null,"marginTop":null,"textAlign":null,"fontWeight":null,"marginLeft":null,"paddingTop":"1em","marginRight":null,"paddingLeft":"1em","marginBottom":null,"paddingRight":"1em","paddingBottom":"1em","verticalAlign":null},"format":null,"unique":false,"noLabel":false,"spStyle":[],"userType":"name","attributes":[],"labelStyle":{"color":null,"fontSize":null,"textAlign":null,"fontWeight":"bold"},"contentStyle":{"color":null,"fontSize":null,"textAlign":null,"fontWeight":null},"spLabelStyle":[],"unitPosition":"BEFORE","thumbnailSize":"150px","datetimeFormat":"HH:mm","hideExpression":false,"spContentStyle":[],"specialOptions":{"width":2,"format":"CODE128","height":100,"margin":10,"fontSize":20,"displayValue":true},"specialFieldSize":100,"specialFieldType":"default"},{"code":"\u5909\u66f4\u5f8c\u306e\u90f5\u4fbf\u756a\u53f7\u4f4f\u6240\u5909\u66f4","type":"SINGLE_LINE_TEXT","unit":"","digit":false,"label":"\u5909\u66f4\u5f8c\u306e\u90f5\u4fbf\u756a\u53f7","style":{"color":null,"display":null,"fontSize":null,"marginTop":null,"textAlign":null,"fontWeight":null,"marginLeft":null,"paddingTop":"1em","marginRight":null,"paddingLeft":"1em","marginBottom":null,"paddingRight":"1em","paddingBottom":"1em","verticalAlign":null},"format":null,"unique":false,"noLabel":false,"spStyle":[],"userType":"name","attributes":[],"labelStyle":{"color":null,"fontSize":null,"textAlign":null,"fontWeight":"bold"},"contentStyle":{"color":null,"fontSize":null,"textAlign":null,"fontWeight":null},"spLabelStyle":[],"unitPosition":"BEFORE","thumbnailSize":"150px","datetimeFormat":"HH:mm","hideExpression":false,"spContentStyle":[],"specialOptions":{"width":2,"format":"CODE128","height":100,"margin":10,"fontSize":20,"displayValue":true},"specialFieldSize":100,"specialFieldType":"default"},{"code":"\u5909\u66f4\u5f8c\u4f4f\u6240\u4f4f\u6240\u5909\u66f4","type":"SINGLE_LINE_TEXT","unit":"","digit":false,"label":"\u5909\u66f4\u5f8c\u4f4f\u6240","style":{"color":null,"display":null,"fontSize":null,"marginTop":null,"textAlign":null,"fontWeight":null,"marginLeft":null,"paddingTop":"1em","marginRight":null,"paddingLeft":"1em","marginBottom":null,"paddingRight":"1em","paddingBottom":"1em","verticalAlign":null},"format":null,"unique":false,"noLabel":false,"spStyle":[],"userType":"name","attributes":[],"labelStyle":{"color":null,"fontSize":null,"textAlign":null,"fontWeight":"bold"},"contentStyle":{"color":null,"fontSize":null,"textAlign":null,"fontWeight":null},"spLabelStyle":[],"unitPosition":"BEFORE","thumbnailSize":"150px","datetimeFormat":"HH:mm","hideExpression":false,"spContentStyle":[],"specialOptions":{"width":2,"format":"CODE128","height":100,"margin":10,"fontSize":20,"displayValue":true},"specialFieldSize":100,"specialFieldType":"default"},{"code":"\u5909\u66f4\u5f8c\u4f4f\u6240\u534a\u89d2","type":"SINGLE_LINE_TEXT","unit":"","digit":false,"label":"\u5909\u66f4\u5f8c\u306e\u4f4f\u6240\u534a\u89d2","style":{"color":null,"display":null,"fontSize":null,"marginTop":null,"textAlign":null,"fontWeight":null,"marginLeft":null,"paddingTop":"1em","marginRight":null,"paddingLeft":"1em","marginBottom":null,"paddingRight":"1em","paddingBottom":"1em","verticalAlign":null},"format":null,"unique":false,"noLabel":false,"spStyle":[],"userType":"name","attributes":[],"labelStyle":{"color":null,"fontSize":null,"textAlign":null,"fontWeight":"bold"},"contentStyle":{"color":null,"fontSize":null,"textAlign":null,"fontWeight":null},"spLabelStyle":[],"unitPosition":"BEFORE","thumbnailSize":"150px","datetimeFormat":"HH:mm","hideExpression":false,"spContentStyle":[],"specialOptions":{"width":2,"format":"CODE128","height":100,"margin":10,"fontSize":20,"displayValue":true},"specialFieldSize":100,"specialFieldType":"default"},{"code":"\u624b\u7d9a\u304d\u4f4f\u6240\u5909\u66f4","type":"DROP_DOWN","unit":"","digit":false,"label":"\u624b\u7d9a\u304d\u72b6\u6cc1","style":{"color":null,"display":null,"fontSize":null,"marginTop":null,"textAlign":null,"fontWeight":null,"marginLeft":null,"paddingTop":"1em","marginRight":null,"paddingLeft":"1em","marginBottom":null,"paddingRight":"1em","paddingBottom":"1em","verticalAlign":null},"format":null,"noLabel":false,"options":["\u624b\u7d9a\u304d\u4e2d","\u624b\u7d9a\u304d\u6e08\u307f"],"spStyle":[],"userType":"name","attributes":[],"labelStyle":{"color":null,"fontSize":null,"textAlign":null,"fontWeight":"bold"},"contentStyle":{"color":null,"fontSize":null,"textAlign":null,"fontWeight":null},"spLabelStyle":[],"unitPosition":"BEFORE","thumbnailSize":"150px","datetimeFormat":"HH:mm","spContentStyle":[]}],"format":null,"noLabel":false,"spStyle":[],"userType":"name","attributes":[],"labelStyle":{"color":null,"fontSize":null,"textAlign":null,"fontWeight":"bold"},"contentStyle":{"color":null,"fontSize":null,"textAlign":null,"fontWeight":null},"spLabelStyle":[],"unitPosition":"BEFORE","thumbnailSize":"150px","datetimeFormat":"HH:mm","spContentStyle":[]},{"code":"\u6c0f\u540d\u5909\u66f4401k","type":"SUBTABLE","unit":"","digit":false,"label":"\u25cf\u6c0f\u540d\u5909\u66f4","style":{"display":null,"marginTop":null,"textAlign":null,"marginLeft":null,"paddingTop":"1em","marginRight":null,"paddingLeft":"1em","marginBottom":null,"paddingRight":"1em","paddingBottom":"1em","verticalAlign":null},"fields":[{"code":"\u9023\u7d61\u65e5\u6642\u6c0f\u540d\u5909\u66f4","type":"SINGLE_LINE_TEXT","unit":"","digit":false,"label":"\u9023\u7d61\u65e5\u6642","style":{"color":null,"display":null,"fontSize":null,"marginTop":null,"textAlign":null,"fontWeight":null,"marginLeft":null,"paddingTop":"1em","marginRight":null,"paddingLeft":"1em","marginBottom":null,"paddingRight":"1em","paddingBottom":"1em","verticalAlign":null},"format":null,"unique":false,"noLabel":false,"spStyle":[],"userType":"name","attributes":[],"labelStyle":{"color":null,"fontSize":null,"textAlign":null,"fontWeight":"bold"},"contentStyle":{"color":null,"fontSize":null,"textAlign":null,"fontWeight":null},"spLabelStyle":[],"unitPosition":"BEFORE","thumbnailSize":"150px","datetimeFormat":"HH:mm","hideExpression":false,"spContentStyle":[],"specialOptions":{"width":2,"format":"CODE128","height":100,"margin":10,"fontSize":20,"displayValue":true},"specialFieldSize":100,"specialFieldType":"default"},{"code":"\u5909\u66f4\u5f8c\u59d3\u6c0f\u540d\u5909\u66f4","type":"SINGLE_LINE_TEXT","unit":"","digit":false,"label":"\u5909\u66f4\u5f8c\u59d3","style":{"color":null,"display":null,"fontSize":null,"marginTop":null,"textAlign":null,"fontWeight":null,"marginLeft":null,"paddingTop":"1em","marginRight":null,"paddingLeft":"1em","marginBottom":null,"paddingRight":"1em","paddingBottom":"1em","verticalAlign":null},"format":null,"unique":false,"noLabel":false,"spStyle":[],"userType":"name","attributes":[],"labelStyle":{"color":null,"fontSize":null,"textAlign":null,"fontWeight":"bold"},"contentStyle":{"color":null,"fontSize":null,"textAlign":null,"fontWeight":null},"spLabelStyle":[],"unitPosition":"BEFORE","thumbnailSize":"150px","datetimeFormat":"HH:mm","hideExpression":false,"spContentStyle":[],"specialOptions":{"width":2,"format":"CODE128","height":100,"margin":10,"fontSize":20,"displayValue":true},"specialFieldSize":100,"specialFieldType":"default"},{"code":"\u5909\u66f4\u5f8c\u540d\u6c0f\u540d\u5909\u66f4","type":"SINGLE_LINE_TEXT","unit":"","digit":false,"label":"\u5909\u66f4\u5f8c\u540d","style":{"color":null,"display":null,"fontSize":null,"marginTop":null,"textAlign":null,"fontWeight":null,"marginLeft":null,"paddingTop":"1em","marginRight":null,"paddingLeft":"1em","marginBottom":null,"paddingRight":"1em","paddingBottom":"1em","verticalAlign":null},"format":null,"unique":false,"noLabel":false,"spStyle":[],"userType":"name","attributes":[],"labelStyle":{"color":null,"fontSize":null,"textAlign":null,"fontWeight":"bold"},"contentStyle":{"color":null,"fontSize":null,"textAlign":null,"fontWeight":null},"spLabelStyle":[],"unitPosition":"BEFORE","thumbnailSize":"150px","datetimeFormat":"HH:mm","hideExpression":false,"spContentStyle":[],"specialOptions":{"width":2,"format":"CODE128","height":100,"margin":10,"fontSize":20,"displayValue":true},"specialFieldSize":100,"specialFieldType":"default"},{"code":"\u5909\u66f4\u5f8c\u59d3\u534a\u89d2\u6c0f\u540d\u5909\u66f4","type":"SINGLE_LINE_TEXT","unit":"","digit":false,"label":"\u5909\u66f4\u5f8c\u59d3\u534a\u89d2","style":{"color":null,"display":null,"fontSize":null,"marginTop":null,"textAlign":null,"fontWeight":null,"marginLeft":null,"paddingTop":"1em","marginRight":null,"paddingLeft":"1em","marginBottom":null,"paddingRight":"1em","paddingBottom":"1em","verticalAlign":null},"format":null,"unique":false,"noLabel":false,"spStyle":[],"userType":"name","attributes":[],"labelStyle":{"color":null,"fontSize":null,"textAlign":null,"fontWeight":"bold"},"contentStyle":{"color":null,"fontSize":null,"textAlign":null,"fontWeight":null},"spLabelStyle":[],"unitPosition":"BEFORE","thumbnailSize":"150px","datetimeFormat":"HH:mm","hideExpression":false,"spContentStyle":[],"specialOptions":{"width":2,"format":"CODE128","height":100,"margin":10,"fontSize":20,"displayValue":true},"specialFieldSize":100,"specialFieldType":"default"},{"code":"\u5909\u66f4\u5f8c\u540d\u534a\u89d2\u6c0f\u540d\u5909\u66f4","type":"SINGLE_LINE_TEXT","unit":"","digit":false,"label":"\u5909\u66f4\u5f8c\u540d\u534a\u89d2","style":{"color":null,"display":null,"fontSize":null,"marginTop":null,"textAlign":null,"fontWeight":null,"marginLeft":null,"paddingTop":"1em","marginRight":null,"paddingLeft":"1em","marginBottom":null,"paddingRight":"1em","paddingBottom":"1em","verticalAlign":null},"format":null,"unique":false,"noLabel":false,"spStyle":[],"userType":"name","attributes":[],"labelStyle":{"color":null,"fontSize":null,"textAlign":null,"fontWeight":"bold"},"contentStyle":{"color":null,"fontSize":null,"textAlign":null,"fontWeight":null},"spLabelStyle":[],"unitPosition":"BEFORE","thumbnailSize":"150px","datetimeFormat":"HH:mm","hideExpression":false,"spContentStyle":[],"specialOptions":{"width":2,"format":"CODE128","height":100,"margin":10,"fontSize":20,"displayValue":true},"specialFieldSize":100,"specialFieldType":"default"},{"code":"\u624b\u7d9a\u304d\u6c0f\u540d\u5909\u66f4","type":"DROP_DOWN","unit":"","digit":false,"label":"\u624b\u7d9a\u304d\u72b6\u6cc1","style":{"color":null,"display":null,"fontSize":null,"marginTop":null,"textAlign":null,"fontWeight":null,"marginLeft":null,"paddingTop":"1em","marginRight":null,"paddingLeft":"1em","marginBottom":null,"paddingRight":"1em","paddingBottom":"1em","verticalAlign":null},"format":null,"noLabel":false,"options":["\u624b\u7d9a\u304d\u4e2d","\u624b\u7d9a\u304d\u6e08\u307f"],"spStyle":[],"userType":"name","attributes":[],"labelStyle":{"color":null,"fontSize":null,"textAlign":null,"fontWeight":"bold"},"contentStyle":{"color":null,"fontSize":null,"textAlign":null,"fontWeight":null},"spLabelStyle":[],"unitPosition":"BEFORE","thumbnailSize":"150px","datetimeFormat":"HH:mm","spContentStyle":[]}],"format":null,"noLabel":false,"spStyle":[],"userType":"name","attributes":[],"labelStyle":{"color":null,"fontSize":null,"textAlign":null,"fontWeight":"bold"},"contentStyle":{"color":null,"fontSize":null,"textAlign":null,"fontWeight":null},"spLabelStyle":[],"unitPosition":"BEFORE","thumbnailSize":"150px","datetimeFormat":"HH:mm","spContentStyle":[]},{"code":"static_field","type":"LABEL","unit":"","digit":false,"label":"","style":{"display":null,"marginTop":null,"textAlign":null,"marginLeft":null,"paddingTop":"1em","marginRight":null,"paddingLeft":"1em","marginBottom":null,"paddingRight":"1em","paddingBottom":"1em","verticalAlign":null},"format":null,"noLabel":false,"spStyle":[],"userType":"name","attributes":[],"labelStyle":{"color":null,"fontSize":null,"textAlign":null,"fontWeight":"bold"},"contentStyle":{"color":null,"fontSize":null,"textAlign":null,"fontWeight":null},"spLabelStyle":[],"unitPosition":"BEFORE","thumbnailSize":"150px","spContentStyle":[]},{"code":"NKR\u30e1\u30fc\u30eb\u30a2\u30c9\u30ec\u30b9","type":"SINGLE_LINE_TEXT","unit":"","digit":false,"label":"NKR\u30e1\u30fc\u30eb\u30a2\u30c9\u30ec\u30b9","style":{"display":null,"marginTop":null,"textAlign":null,"marginLeft":null,"paddingTop":"1em","marginRight":null,"paddingLeft":"1em","marginBottom":null,"paddingRight":"1em","paddingBottom":"1em","verticalAlign":null},"format":null,"unique":false,"noLabel":false,"spStyle":[],"userType":"name","attributes":[],"labelStyle":{"color":null,"fontSize":null,"textAlign":null,"fontWeight":"bold"},"contentStyle":{"color":null,"fontSize":null,"textAlign":null,"fontWeight":null},"spLabelStyle":[],"unitPosition":"BEFORE","thumbnailSize":"150px","hideExpression":false,"spContentStyle":[],"specialOptions":{"width":2,"format":"CODE128","height":100,"margin":10,"fontSize":20,"displayValue":true},"specialFieldSize":100,"specialFieldType":"default"},{"code":"\u62c5\u5f53\u8005\u30e1\u30fc\u30eb\u30a2\u30c9\u30ec\u30b9","type":"SINGLE_LINE_TEXT","unit":"","digit":false,"label":"\u62c5\u5f53\u8005\u30e1\u30fc\u30eb\u30a2\u30c9\u30ec\u30b9","style":{"display":null,"marginTop":null,"textAlign":null,"marginLeft":null,"paddingTop":"1em","marginRight":null,"paddingLeft":"1em","marginBottom":null,"paddingRight":"1em","paddingBottom":"1em","verticalAlign":null},"format":null,"unique":false,"noLabel":false,"spStyle":[],"userType":"name","attributes":[],"labelStyle":{"color":null,"fontSize":null,"textAlign":null,"fontWeight":"bold"},"contentStyle":{"color":null,"fontSize":null,"textAlign":null,"fontWeight":null},"spLabelStyle":[],"unitPosition":"BEFORE","thumbnailSize":"150px","hideExpression":false,"spContentStyle":[],"specialOptions":{"width":2,"format":"CODE128","height":100,"margin":10,"fontSize":20,"displayValue":true},"specialFieldSize":100,"specialFieldType":"default"}],"style":{"backgroundColor":"#ffffff"},"titleField":null,"social":[]},"isUseMailAuthentication":false,"viewMailUserFilters":[{"sign":"=","with":"and","field":"\u4eba\u4e8b\u62c5\u5f53\u8005\u30e1\u30fc\u30eb\u30a2\u30c9\u30ec\u30b9","value":"__kintoneAppAuthenticationEmail__"}],"title":"401k\u5f93\u696d\u54e1\u30ea\u30b9\u30c8\u30d3\u30e5\u30fc","isTranslate":false,"dictionary":[],"filters":[{"with":"or","field":"\u624b\u7d9a\u304d401k","sign":"=","value":"\u65b0\u898f\u52a0\u5165"},{"with":"or","field":"\u624b\u7d9a\u304d401k","sign":"=","value":"\u639b\u91d1\u5909\u66f4"},{"with":"or","field":"\u624b\u7d9a\u304d401k","sign":"=","value":"\u5fa9\u8077"},{"with":"or","field":"\u624b\u7d9a\u304d401k","sign":"=","value":"\u4f4f\u6240\u5909\u66f4"},{"with":"or","field":"\u624b\u7d9a\u304d401k","sign":"=","value":"\u6c0f\u540d\u5909\u66f4"},{"with":"or","field":"\u624b\u7d9a\u304d401k","sign":"=","value":"\u80b2\u4f11\u30fb\u4f11\u8077"},{"with":"or","field":"\u624b\u7d9a\u304d401k","sign":"=","value":"\u52a0\u5165"}],"orders":[],"isUseQuery":false,"query":"","searchForms":[],"isHeaderShown":true,"isUseLogo":false,"logo":null,"isUseFavicon":false,"favicon":null,"headerColor":"#000000","contentColor":"#eff2f8","isUseStyle":false,"styleUrls":[],"isUseJavaScript":true,"javaScriptUrls":["https:\/\/kviewer.s3.ap-northeast-1.amazonaws.com\/upload\/64f946e5b9dbe0.731557352736\/401kDisplayControler.js"],"hideCopyright":false,"isUsePublicTerm":false,"publicStartedAt":null,"publicFinishedAt":null,"isUseIpLimit":false,"ips":[],"isUseCsp":false,"resources":[],"additionalFilters":[],"isUseRobots":false,"isUseErrorBackUrl":false,"errorBackUrl":null,"version":1}