{"description":null,"viewType":"table","uiVersion":1,"layout":{"main":true,"side":false,"footer":false,"header":true},"spLayout":[],"mainContent":{"layoutType":"default","layout":[{"code":"\u793e\u54e1No","type":"SINGLE_LINE_TEXT","unit":"","digit":false,"label":"\u793e\u54e1No","style":{"display":null,"marginTop":null,"textAlign":null,"marginLeft":null,"paddingTop":"1em","marginRight":null,"paddingLeft":"1em","marginBottom":null,"paddingRight":"1em","paddingBottom":"1em","verticalAlign":null},"format":null,"unique":false,"noLabel":false,"spStyle":[],"userType":"name","attributes":[],"labelStyle":{"color":null,"fontSize":null,"textAlign":null,"fontWeight":"bold"},"contentStyle":{"color":null,"fontSize":null,"textAlign":null,"fontWeight":null},"spLabelStyle":[],"unitPosition":"BEFORE","thumbnailSize":"150px","hideExpression":false,"spContentStyle":[],"specialOptions":{"width":2,"format":"CODE128","height":100,"margin":10,"fontSize":20,"displayValue":true},"specialFieldSize":100,"specialFieldType":"default"},{"code":"\u59d3\u6238\u7c4d","type":"SINGLE_LINE_TEXT","unit":"","digit":false,"label":"\u59d3\uff08\u6238\u7c4d\uff09","style":{"display":null,"marginTop":null,"textAlign":null,"marginLeft":null,"paddingTop":"1em","marginRight":null,"paddingLeft":"1em","marginBottom":null,"paddingRight":"1em","paddingBottom":"1em","verticalAlign":null},"format":null,"unique":false,"noLabel":false,"spStyle":[],"userType":"name","attributes":[],"labelStyle":{"color":null,"fontSize":null,"textAlign":null,"fontWeight":"bold"},"contentStyle":{"color":null,"fontSize":null,"textAlign":null,"fontWeight":null},"spLabelStyle":[],"unitPosition":"BEFORE","thumbnailSize":"150px","hideExpression":false,"spContentStyle":[],"specialOptions":{"width":2,"format":"CODE128","height":100,"margin":10,"fontSize":20,"displayValue":true},"specialFieldSize":100,"specialFieldType":"default"},{"code":"\u540d\u6238\u7c4d","type":"SINGLE_LINE_TEXT","unit":"","digit":false,"label":"\u540d\uff08\u6238\u7c4d\uff09","style":{"display":null,"marginTop":null,"textAlign":null,"marginLeft":null,"paddingTop":"1em","marginRight":null,"paddingLeft":"1em","marginBottom":null,"paddingRight":"1em","paddingBottom":"1em","verticalAlign":null},"format":null,"unique":false,"noLabel":false,"spStyle":[],"userType":"name","attributes":[],"labelStyle":{"color":null,"fontSize":null,"textAlign":null,"fontWeight":"bold"},"contentStyle":{"color":null,"fontSize":null,"textAlign":null,"fontWeight":null},"spLabelStyle":[],"unitPosition":"BEFORE","thumbnailSize":"150px","hideExpression":false,"spContentStyle":[],"specialOptions":{"width":2,"format":"CODE128","height":100,"margin":10,"fontSize":20,"displayValue":true},"specialFieldSize":100,"specialFieldType":"default"},{"code":"\u30bb\u30a4\u6238\u7c4d\u30ab\u30ca","type":"SINGLE_LINE_TEXT","unit":"","digit":false,"label":"\u30bb\u30a4(\u5168\u89d2\u30ab\u30ca)\uff08\u6238\u7c4d\uff09","style":{"display":null,"marginTop":null,"textAlign":null,"marginLeft":null,"paddingTop":"1em","marginRight":null,"paddingLeft":"1em","marginBottom":null,"paddingRight":"1em","paddingBottom":"1em","verticalAlign":null},"format":null,"unique":false,"noLabel":false,"spStyle":[],"userType":"name","attributes":[],"labelStyle":{"color":null,"fontSize":null,"textAlign":null,"fontWeight":"bold"},"contentStyle":{"color":null,"fontSize":null,"textAlign":null,"fontWeight":null},"spLabelStyle":[],"unitPosition":"BEFORE","thumbnailSize":"150px","hideExpression":false,"spContentStyle":[],"specialOptions":{"width":2,"format":"CODE128","height":100,"margin":10,"fontSize":20,"displayValue":true},"specialFieldSize":100,"specialFieldType":"default"},{"code":"\u30e1\u30a4\u6238\u7c4d\u30ab\u30ca","type":"SINGLE_LINE_TEXT","unit":"","digit":false,"label":"\u30e1\u30a4(\u5168\u89d2\u30ab\u30ca)\uff08\u6238\u7c4d\uff09","style":{"display":null,"marginTop":null,"textAlign":null,"marginLeft":null,"paddingTop":"1em","marginRight":null,"paddingLeft":"1em","marginBottom":null,"paddingRight":"1em","paddingBottom":"1em","verticalAlign":null},"format":null,"unique":false,"noLabel":false,"spStyle":[],"userType":"name","attributes":[],"labelStyle":{"color":null,"fontSize":null,"textAlign":null,"fontWeight":"bold"},"contentStyle":{"color":null,"fontSize":null,"textAlign":null,"fontWeight":null},"spLabelStyle":[],"unitPosition":"BEFORE","thumbnailSize":"150px","hideExpression":false,"spContentStyle":[],"specialOptions":{"width":2,"format":"CODE128","height":100,"margin":10,"fontSize":20,"displayValue":true},"specialFieldSize":100,"specialFieldType":"default"},{"code":"\u5165\u793e\u5e74\u6708\u65e5","type":"DATE","unit":"","digit":false,"label":"\u5165\u793e\u5e74\u6708\u65e5","style":{"display":null,"marginTop":null,"textAlign":null,"marginLeft":null,"paddingTop":"1em","marginRight":null,"paddingLeft":"1em","marginBottom":null,"paddingRight":"1em","paddingBottom":"1em","verticalAlign":null},"format":null,"unique":false,"noLabel":false,"spStyle":[],"userType":"name","attributes":[],"labelStyle":{"color":null,"fontSize":null,"textAlign":null,"fontWeight":"bold"},"contentStyle":{"color":null,"fontSize":null,"textAlign":null,"fontWeight":null},"spLabelStyle":[],"unitPosition":"BEFORE","thumbnailSize":"150px","datetimeFormat":"YYYY-MM-DD","spContentStyle":[],"defaultExpression":null},{"code":"\u9000\u8077\u5e74\u6708\u65e5","type":"DATE","unit":"","digit":false,"label":"\u9000\u8077\u5e74\u6708\u65e5","style":{"display":null,"marginTop":null,"textAlign":null,"marginLeft":null,"paddingTop":"1em","marginRight":null,"paddingLeft":"1em","marginBottom":null,"paddingRight":"1em","paddingBottom":"1em","verticalAlign":null},"format":null,"unique":false,"noLabel":false,"spStyle":[],"userType":"name","attributes":[],"labelStyle":{"color":null,"fontSize":null,"textAlign":null,"fontWeight":"bold"},"contentStyle":{"color":null,"fontSize":null,"textAlign":null,"fontWeight":null},"spLabelStyle":[],"unitPosition":"BEFORE","thumbnailSize":"150px","datetimeFormat":"YYYY-MM-DD","spContentStyle":[],"defaultExpression":null},{"code":"\u57fa\u790e\u5e74\u91d1\u756a\u53f7","type":"SINGLE_LINE_TEXT","unit":"","digit":false,"label":"\u57fa\u790e\u5e74\u91d1\u756a\u53f7\uff08\u6570\u5b574\u6841-\u6570\u5b576\u6841\uff09","style":{"display":null,"marginTop":null,"textAlign":null,"marginLeft":null,"paddingTop":"1em","marginRight":null,"paddingLeft":"1em","marginBottom":null,"paddingRight":"1em","paddingBottom":"1em","verticalAlign":null},"format":null,"unique":false,"noLabel":false,"spStyle":[],"userType":"name","attributes":[],"labelStyle":{"color":null,"fontSize":null,"textAlign":null,"fontWeight":"bold"},"contentStyle":{"color":null,"fontSize":null,"textAlign":null,"fontWeight":null},"spLabelStyle":[],"unitPosition":"BEFORE","thumbnailSize":"150px","hideExpression":false,"spContentStyle":[],"specialOptions":{"width":2,"format":"CODE128","height":100,"margin":10,"fontSize":20,"displayValue":true},"specialFieldSize":100,"specialFieldType":"default"}],"num":30,"isLinked":false,"disableDetailLinked":false,"isPager":true,"style":{"backgroundColor":"#ffffff"}},"sideContent":{"type":"rich","style":{"width":"30%","overflowX":"auto","backgroundColor":"#ffffff"},"content":""},"header":{"type":"rich","style":{"height":null,"overflowY":"auto","backgroundColor":null},"content":"<h1>401k\u5f93\u696d\u54e1\u30ea\u30b9\u30c8\u30d3\u30e5\u30fc<\/h1><p>\u203b\u5de6\u7aef\u306e\u9752\u30dc\u30bf\u30f3\u304b\u3089\u65b0\u898f\u52a0\u5165\u3057\u305f\u3044\u5f93\u696d\u54e1\u3092\u9078\u629e\u3057\u3066\u304f\u3060\u3055\u3044<\/p>"},"footer":{"type":"rich","style":{"height":null,"overflowY":"auto","backgroundColor":null},"content":""},"detailView":{"elements":[{"code":"\u793e\u54e1No","type":"SINGLE_LINE_TEXT","unit":"","digit":false,"label":"\u793e\u54e1No","style":{"display":"inline-block","marginTop":null,"textAlign":null,"marginLeft":null,"paddingTop":"1em","marginRight":null,"paddingLeft":"1em","marginBottom":null,"paddingRight":"1em","paddingBottom":"1em","verticalAlign":null},"format":null,"unique":false,"noLabel":false,"spStyle":[],"userType":"name","attributes":[],"labelStyle":{"color":null,"fontSize":null,"textAlign":null,"fontWeight":"bold"},"contentStyle":{"color":null,"fontSize":null,"textAlign":null,"fontWeight":null},"spLabelStyle":[],"unitPosition":"BEFORE","thumbnailSize":"150px","hideExpression":false,"spContentStyle":[],"specialOptions":{"width":2,"format":"CODE128","height":100,"margin":10,"fontSize":20,"displayValue":true},"specialFieldSize":100,"specialFieldType":"default"},{"code":"\u59d3\u6238\u7c4d","type":"SINGLE_LINE_TEXT","unit":"","digit":false,"label":"\u59d3\uff08\u6238\u7c4d\uff09","style":{"display":"inline-block","marginTop":null,"textAlign":null,"marginLeft":null,"paddingTop":"1em","marginRight":null,"paddingLeft":"1em","marginBottom":null,"paddingRight":"1em","paddingBottom":"1em","verticalAlign":null},"format":null,"unique":false,"noLabel":false,"spStyle":[],"userType":"name","attributes":[],"labelStyle":{"color":null,"fontSize":null,"textAlign":null,"fontWeight":"bold"},"contentStyle":{"color":null,"fontSize":null,"textAlign":null,"fontWeight":null},"spLabelStyle":[],"unitPosition":"BEFORE","thumbnailSize":"150px","hideExpression":false,"spContentStyle":[],"specialOptions":{"width":2,"format":"CODE128","height":100,"margin":10,"fontSize":20,"displayValue":true},"specialFieldSize":100,"specialFieldType":"default"},{"code":"\u540d\u6238\u7c4d","type":"SINGLE_LINE_TEXT","unit":"","digit":false,"label":"\u540d\uff08\u6238\u7c4d\uff09","style":{"display":"inline-block","marginTop":null,"textAlign":null,"marginLeft":null,"paddingTop":"1em","marginRight":null,"paddingLeft":"1em","marginBottom":null,"paddingRight":"1em","paddingBottom":"1em","verticalAlign":null},"format":null,"unique":false,"noLabel":false,"spStyle":[],"userType":"name","attributes":[],"labelStyle":{"color":null,"fontSize":null,"textAlign":null,"fontWeight":"bold"},"contentStyle":{"color":null,"fontSize":null,"textAlign":null,"fontWeight":null},"spLabelStyle":[],"unitPosition":"BEFORE","thumbnailSize":"150px","hideExpression":false,"spContentStyle":[],"specialOptions":{"width":2,"format":"CODE128","height":100,"margin":10,"fontSize":20,"displayValue":true},"specialFieldSize":100,"specialFieldType":"default"},{"code":"\u30bb\u30a4\u6238\u7c4d\u30ab\u30ca","type":"SINGLE_LINE_TEXT","unit":"","digit":false,"label":"\u30bb\u30a4(\u5168\u89d2\u30ab\u30ca)\uff08\u6238\u7c4d\uff09","style":{"display":"inline-block","marginTop":null,"textAlign":null,"marginLeft":null,"paddingTop":"1em","marginRight":null,"paddingLeft":"1em","marginBottom":null,"paddingRight":"1em","paddingBottom":"1em","verticalAlign":null},"format":null,"unique":false,"noLabel":false,"spStyle":[],"userType":"name","attributes":[],"labelStyle":{"color":null,"fontSize":null,"textAlign":null,"fontWeight":"bold"},"contentStyle":{"color":null,"fontSize":null,"textAlign":null,"fontWeight":null},"spLabelStyle":[],"unitPosition":"BEFORE","thumbnailSize":"150px","hideExpression":false,"spContentStyle":[],"specialOptions":{"width":2,"format":"CODE128","height":100,"margin":10,"fontSize":20,"displayValue":true},"specialFieldSize":100,"specialFieldType":"default"},{"code":"\u30e1\u30a4\u6238\u7c4d\u30ab\u30ca","type":"SINGLE_LINE_TEXT","unit":"","digit":false,"label":"\u30e1\u30a4(\u5168\u89d2\u30ab\u30ca)\uff08\u6238\u7c4d\uff09","style":{"display":"inline-block","marginTop":null,"textAlign":null,"marginLeft":null,"paddingTop":"1em","marginRight":null,"paddingLeft":"1em","marginBottom":null,"paddingRight":"1em","paddingBottom":"1em","verticalAlign":null},"format":null,"unique":false,"noLabel":false,"spStyle":[],"userType":"name","attributes":[],"labelStyle":{"color":null,"fontSize":null,"textAlign":null,"fontWeight":"bold"},"contentStyle":{"color":null,"fontSize":null,"textAlign":null,"fontWeight":null},"spLabelStyle":[],"unitPosition":"BEFORE","thumbnailSize":"150px","hideExpression":false,"spContentStyle":[],"specialOptions":{"width":2,"format":"CODE128","height":100,"margin":10,"fontSize":20,"displayValue":true},"specialFieldSize":100,"specialFieldType":"default"},{"code":"\u6027\u5225\u6238\u7c4d","type":"DROP_DOWN","unit":"","digit":false,"label":"\u6027\u5225\uff08\u6238\u7c4d\uff09","style":{"display":"inline-block","marginTop":null,"textAlign":null,"marginLeft":null,"paddingTop":"1em","marginRight":null,"paddingLeft":"1em","marginBottom":null,"paddingRight":"1em","paddingBottom":"1em","verticalAlign":null},"format":null,"noLabel":false,"options":["\u7537","\u5973"],"spStyle":[],"userType":"name","attributes":[],"labelStyle":{"color":null,"fontSize":null,"textAlign":null,"fontWeight":"bold"},"contentStyle":{"color":null,"fontSize":null,"textAlign":null,"fontWeight":null},"spLabelStyle":[],"unitPosition":"BEFORE","thumbnailSize":"150px","spContentStyle":[]},{"code":"static_field_2","type":"LABEL","unit":"","digit":false,"label":"<p><strong>-------------------------------------------------------------------------------------------------------------------<\/strong><\/p>","style":{"display":null,"marginTop":null,"textAlign":null,"marginLeft":null,"paddingTop":"1em","marginRight":null,"paddingLeft":"1em","marginBottom":null,"paddingRight":"1em","paddingBottom":"1em","verticalAlign":null},"format":null,"noLabel":false,"spStyle":[],"userType":"name","attributes":[],"labelStyle":{"color":null,"fontSize":null,"textAlign":null,"fontWeight":"bold"},"contentStyle":{"color":null,"fontSize":null,"textAlign":null,"fontWeight":null},"spLabelStyle":[],"unitPosition":"BEFORE","thumbnailSize":"150px","spContentStyle":[]},{"code":"\u90f5\u4fbf\u756a\u53f7","type":"SINGLE_LINE_TEXT","unit":"","digit":false,"label":"\u90f5\u4fbf\u756a\u53f7","style":{"display":"inline-block","marginTop":null,"textAlign":null,"marginLeft":null,"paddingTop":"1em","marginRight":null,"paddingLeft":"1em","marginBottom":null,"paddingRight":"1em","paddingBottom":"1em","verticalAlign":null},"format":null,"unique":false,"noLabel":false,"spStyle":[],"userType":"name","attributes":[],"labelStyle":{"color":null,"fontSize":null,"textAlign":null,"fontWeight":"bold"},"contentStyle":{"color":null,"fontSize":null,"textAlign":null,"fontWeight":null},"spLabelStyle":[],"unitPosition":"BEFORE","thumbnailSize":"150px","datetimeFormat":"HH:mm","hideExpression":false,"spContentStyle":[],"specialOptions":{"width":2,"format":"CODE128","height":100,"margin":10,"fontSize":20,"displayValue":true},"specialFieldSize":100,"specialFieldType":"default"},{"code":"\u57fa\u790e\u5e74\u91d1\u756a\u53f7","type":"SINGLE_LINE_TEXT","unit":"","digit":false,"label":"\u57fa\u790e\u5e74\u91d1\u756a\u53f7\uff08\u6570\u5b574\u6841-\u6570\u5b576\u6841\uff09","style":{"display":"inline-block","marginTop":null,"textAlign":null,"marginLeft":null,"paddingTop":"1em","marginRight":null,"paddingLeft":"1em","marginBottom":null,"paddingRight":"1em","paddingBottom":"1em","verticalAlign":null},"format":null,"unique":false,"noLabel":false,"spStyle":[],"userType":"name","attributes":[],"labelStyle":{"color":null,"fontSize":null,"textAlign":null,"fontWeight":"bold"},"contentStyle":{"color":null,"fontSize":null,"textAlign":null,"fontWeight":null},"spLabelStyle":[],"unitPosition":"BEFORE","thumbnailSize":"150px","hideExpression":false,"spContentStyle":[],"specialOptions":{"width":2,"format":"CODE128","height":100,"margin":10,"fontSize":20,"displayValue":true},"specialFieldSize":100,"specialFieldType":"default"},{"code":"static_field_3","type":"LABEL","unit":"","digit":false,"label":"<p><strong>-------------------------------------------------------------------------------------------------------------------<\/strong><\/p>","style":{"display":"block","marginTop":null,"textAlign":null,"marginLeft":null,"paddingTop":"1em","marginRight":null,"paddingLeft":"1em","marginBottom":null,"paddingRight":"1em","paddingBottom":"1em","verticalAlign":null},"format":null,"noLabel":false,"spStyle":[],"userType":"name","attributes":[],"labelStyle":{"color":null,"fontSize":null,"textAlign":null,"fontWeight":"bold"},"contentStyle":{"color":null,"fontSize":null,"textAlign":null,"fontWeight":null},"spLabelStyle":[],"unitPosition":"BEFORE","thumbnailSize":"150px","spContentStyle":[]},{"code":"static_field","type":"LABEL","unit":"","digit":false,"label":"","style":{"display":null,"marginTop":null,"textAlign":null,"marginLeft":null,"paddingTop":"1em","marginRight":null,"paddingLeft":"1em","marginBottom":null,"paddingRight":"1em","paddingBottom":"1em","verticalAlign":null},"format":null,"noLabel":false,"spStyle":[],"userType":"name","attributes":[],"labelStyle":{"color":null,"fontSize":null,"textAlign":null,"fontWeight":"bold"},"contentStyle":{"color":null,"fontSize":null,"textAlign":null,"fontWeight":null},"spLabelStyle":[],"unitPosition":"BEFORE","thumbnailSize":"150px","spContentStyle":[]},{"code":"NKR\u30e1\u30fc\u30eb\u30a2\u30c9\u30ec\u30b9","type":"SINGLE_LINE_TEXT","unit":"","digit":false,"label":"NKR\u30e1\u30fc\u30eb\u30a2\u30c9\u30ec\u30b9","style":{"display":"inline-block","marginTop":null,"textAlign":null,"marginLeft":null,"paddingTop":"1em","marginRight":null,"paddingLeft":"1em","marginBottom":null,"paddingRight":"1em","paddingBottom":"1em","verticalAlign":null},"format":null,"unique":false,"noLabel":false,"spStyle":[],"userType":"name","attributes":[],"labelStyle":{"color":null,"fontSize":null,"textAlign":null,"fontWeight":"bold"},"contentStyle":{"color":null,"fontSize":null,"textAlign":null,"fontWeight":null},"spLabelStyle":[],"unitPosition":"BEFORE","thumbnailSize":"150px","hideExpression":false,"spContentStyle":[],"specialOptions":{"width":2,"format":"CODE128","height":100,"margin":10,"fontSize":20,"displayValue":true},"specialFieldSize":100,"specialFieldType":"default"},{"code":"\u62c5\u5f53\u8005\u30e1\u30fc\u30eb\u30a2\u30c9\u30ec\u30b9","type":"SINGLE_LINE_TEXT","unit":"","digit":false,"label":"\u62c5\u5f53\u8005\u30e1\u30fc\u30eb\u30a2\u30c9\u30ec\u30b9","style":{"display":"inline-block","marginTop":null,"textAlign":null,"marginLeft":null,"paddingTop":"1em","marginRight":null,"paddingLeft":"1em","marginBottom":null,"paddingRight":"1em","paddingBottom":"1em","verticalAlign":null},"format":null,"unique":false,"noLabel":false,"spStyle":[],"userType":"name","attributes":[],"labelStyle":{"color":null,"fontSize":null,"textAlign":null,"fontWeight":"bold"},"contentStyle":{"color":null,"fontSize":null,"textAlign":null,"fontWeight":null},"spLabelStyle":[],"unitPosition":"BEFORE","thumbnailSize":"150px","hideExpression":false,"spContentStyle":[],"specialOptions":{"width":2,"format":"CODE128","height":100,"margin":10,"fontSize":20,"displayValue":true},"specialFieldSize":100,"specialFieldType":"default"}],"style":{"backgroundColor":"#ffffff"},"titleField":null,"social":[]},"isUseMailAuthentication":false,"viewMailUserFilters":[{"sign":"=","with":"and","field":"\u4eba\u4e8b\u62c5\u5f53\u8005\u30e1\u30fc\u30eb\u30a2\u30c9\u30ec\u30b9","value":"__kintoneAppAuthenticationEmail__"}],"title":"401k\u5f93\u696d\u54e1\u30ea\u30b9\u30c8\u30d3\u30e5\u30fc","isTranslate":false,"dictionary":[],"filters":[{"with":"and","field":"_401k\u52a0\u5165\u6709\u7121","sign":"not in","value":["\u6709"]},{"with":"and","field":"\u5728\u7c4d\u72b6\u6cc1","sign":"not in","value":["\u9000\u8077\u6e08"]}],"orders":[],"isUseQuery":false,"query":"","searchForms":[],"isHeaderShown":true,"isUseLogo":false,"logo":null,"isUseFavicon":false,"favicon":null,"headerColor":"#000000","contentColor":"#eff2f8","isUseStyle":false,"styleUrls":[],"isUseJavaScript":true,"javaScriptUrls":["https:\/\/cdn.jsdelivr.net\/gh\/fujimakiaya\/SheetOutput\/employee_find-000v2.1.js"],"hideCopyright":false,"isUsePublicTerm":false,"publicStartedAt":null,"publicFinishedAt":null,"isUseIpLimit":false,"ips":[],"isUseCsp":false,"resources":[],"additionalFilters":[],"isUseRobots":false,"isUseErrorBackUrl":false,"errorBackUrl":null,"version":1}