{"description":null,"viewType":"table","uiVersion":1,"layout":{"main":true,"side":false,"footer":false,"header":true},"spLayout":[],"mainContent":{"layoutType":"default","layout":[{"code":"\u793e\u54e1No","type":"SINGLE_LINE_TEXT","unit":"","digit":false,"label":"\u793e\u54e1No","style":{"display":null,"marginTop":null,"textAlign":null,"marginLeft":null,"paddingTop":"1em","marginRight":null,"paddingLeft":"1em","marginBottom":null,"paddingRight":"1em","paddingBottom":"1em","verticalAlign":null},"format":null,"unique":true,"noLabel":false,"spStyle":[],"userType":"name","attributes":[],"labelStyle":{"color":null,"fontSize":null,"textAlign":null,"fontWeight":"bold"},"contentStyle":{"color":null,"fontSize":null,"textAlign":null,"fontWeight":null},"spLabelStyle":[],"unitPosition":"BEFORE","thumbnailSize":"150px","hideExpression":false,"spContentStyle":[],"specialOptions":{"width":2,"format":"CODE128","height":100,"margin":10,"fontSize":20,"displayValue":true},"specialFieldSize":100,"specialFieldType":"default"},{"code":"\u59d3\u6238\u7c4d","type":"SINGLE_LINE_TEXT","unit":"","digit":false,"label":"\u59d3\uff08\u6238\u7c4d\uff09","style":{"display":null,"marginTop":null,"textAlign":null,"marginLeft":null,"paddingTop":"1em","marginRight":null,"paddingLeft":"1em","marginBottom":null,"paddingRight":"1em","paddingBottom":"1em","verticalAlign":null},"format":null,"unique":false,"noLabel":false,"spStyle":[],"userType":"name","attributes":[],"labelStyle":{"color":null,"fontSize":null,"textAlign":null,"fontWeight":"bold"},"contentStyle":{"color":null,"fontSize":null,"textAlign":null,"fontWeight":null},"spLabelStyle":[],"unitPosition":"BEFORE","thumbnailSize":"150px","hideExpression":false,"spContentStyle":[],"specialOptions":{"width":2,"format":"CODE128","height":100,"margin":10,"fontSize":20,"displayValue":true},"specialFieldSize":100,"specialFieldType":"default"},{"code":"\u540d\u6238\u7c4d","type":"SINGLE_LINE_TEXT","unit":"","digit":false,"label":"\u540d\uff08\u6238\u7c4d\uff09","style":{"display":null,"marginTop":null,"textAlign":null,"marginLeft":null,"paddingTop":"1em","marginRight":null,"paddingLeft":"1em","marginBottom":null,"paddingRight":"1em","paddingBottom":"1em","verticalAlign":null},"format":null,"unique":false,"noLabel":false,"spStyle":[],"userType":"name","attributes":[],"labelStyle":{"color":null,"fontSize":null,"textAlign":null,"fontWeight":"bold"},"contentStyle":{"color":null,"fontSize":null,"textAlign":null,"fontWeight":null},"spLabelStyle":[],"unitPosition":"BEFORE","thumbnailSize":"150px","hideExpression":false,"spContentStyle":[],"specialOptions":{"width":2,"format":"CODE128","height":100,"margin":10,"fontSize":20,"displayValue":true},"specialFieldSize":100,"specialFieldType":"default"},{"code":"_401k\u52a0\u5165\u6709\u7121","type":"RADIO_BUTTON","unit":"","digit":false,"label":"401k\u52a0\u5165\u6709\u7121","style":{"display":null,"marginTop":null,"textAlign":null,"marginLeft":null,"paddingTop":"1em","marginRight":null,"paddingLeft":"1em","marginBottom":null,"paddingRight":"1em","paddingBottom":"1em","verticalAlign":null},"format":null,"noLabel":false,"options":["\u6709","\u7121"],"spStyle":[],"userType":"name","attributes":[],"labelStyle":{"color":null,"fontSize":null,"textAlign":null,"fontWeight":"bold"},"contentStyle":{"color":null,"fontSize":null,"textAlign":null,"fontWeight":null},"spLabelStyle":[],"unitPosition":"BEFORE","thumbnailSize":"150px","spContentStyle":[]}],"num":20,"isLinked":false,"disableDetailLinked":true,"isPager":true,"style":{"backgroundColor":"#ffffff"}},"sideContent":{"type":"rich","style":{"width":"30%","overflowX":"auto","backgroundColor":"#ffffff"},"content":""},"header":{"type":"title","style":{"height":null,"overflowY":"auto","backgroundColor":null},"content":""},"footer":{"type":"rich","style":{"height":null,"overflowY":"auto","backgroundColor":null},"content":""},"detailView":{"elements":[],"style":{"backgroundColor":"#ffffff"},"titleField":null,"social":[]},"isUseMailAuthentication":false,"viewMailUserFilters":[],"title":"401k\u52a0\u5165\u72b6\u6cc1","isTranslate":false,"dictionary":[],"filters":[{"with":"and","field":"\u5728\u7c4d\u72b6\u6cc1","sign":"not in","value":["\u9000\u8077\u6e08"]}],"orders":[],"isUseQuery":false,"query":"","searchForms":[],"isHeaderShown":true,"isUseLogo":false,"logo":null,"isUseFavicon":false,"favicon":null,"headerColor":"#000000","contentColor":"#eff2f8","isUseStyle":false,"styleUrls":[],"isUseJavaScript":false,"javaScriptUrls":[],"hideCopyright":false,"isUsePublicTerm":false,"publicStartedAt":null,"publicFinishedAt":null,"isUseIpLimit":false,"ips":[],"isUseCsp":false,"resources":[],"additionalFilters":[],"isUseRobots":false,"isUseErrorBackUrl":false,"errorBackUrl":null,"version":1}