{"title":"401k\u65b0\u898f\u52a0\u5165\u624b\u7d9a\u30d5\u30a9\u30fc\u30e0","description":null,"limitedMode":false,"maxPostCount":0,"isUseConfirm":true,"isFinishHtml":true,"finishMessage":"\u3054\u56de\u7b54\u3042\u308a\u304c\u3068\u3046\u3054\u3056\u3044\u307e\u3059\uff01","finishHTML":"<center>\n<p><b>OK\u3092\u62bc\u3059\u3068\u30da\u30fc\u30b8\u3092\u9589\u3058\u307e\u3059<\/b><br \/><\/p>\n<Form><Input type=\"button\" value=\"OK\" onClick=\"javascript:window.close();\"><\/Form>\n<\/center>","isUseErrorHtml":false,"errorHTML":null,"isUseErrorBackUrl":false,"errorBackUrl":null,"isStepForm":false,"stepSize":3,"steps":[],"isBranchForm":false,"branches":[],"isTranslate":false,"dictionary":[],"isHeaderShown":true,"isFooterShown":true,"isUseLogo":false,"logo":null,"isUseFavicon":false,"favicon":null,"headerColor":"#1b1c1d","footerColor":"#1b1c1d","contentColor":"#e9efff","isUseStyle":true,"styleUrls":[],"isUseJavaScript":true,"javaScriptUrls":["https:\/\/form-bridge-prod.s3.ap-northeast-1.amazonaws.com\/upload\/65ec138047e694.879442834083\/401k_add_tablecreater_ver4C.js","https:\/\/js.cybozu.com\/momentjs\/2.29.2\/moment.min.js","https:\/\/js.cybozu.com\/momentjs\/2.29.2\/moment-with-locales.min.js","https:\/\/form-bridge-prod.s3.ap-northeast-1.amazonaws.com\/upload\/660b6cdf4c3f66.038795774083\/background_nonmember.js","https:\/\/form-bridge-prod.s3.ap-northeast-1.amazonaws.com\/upload\/660b6ce3e90924.674998304083\/adddate.js","https:\/\/form-bridge-prod.s3.ap-northeast-1.amazonaws.com\/upload\/6610bd9e32cb80.185234354083\/other_adddate.js","https:\/\/form-bridge-prod.s3.ap-northeast-1.amazonaws.com\/upload\/6635dfb79e36c2.369244224083\/AttributeControl401k.js"],"isUseErrorStyle":true,"errorStyleUrls":[],"isUseErrorJavaScript":true,"errorJavaScriptUrls":[],"isUseExternalResource":false,"externalResources":[],"isShowPoweredBy":true,"isUsePublicTerm":false,"publicStartedAt":null,"publicFinishedAt":null,"isUseIpLimit":false,"ips":[],"autoRetry":true,"temporarySave":false,"hideCopyright":false,"isUseRecaptcha":true,"isUseMailAuthentication":false,"fields":[{"type":"RADIO_BUTTON","code":"_401k\u52a0\u5165\u6709\u7121","label":"401k\u52a0\u5165\u6709\u7121","rowCount":0,"columnCount":0,"noLabel":false,"hide":true,"required":true,"editable":false,"maxValue":null,"minValue":null,"maxLength":null,"minLength":null,"defaultValue":"\u6709","options":["\u6709","\u7121"],"optionOrder":"horizontal","expression":null,"protocol":null,"isUseLookup":false,"lookup":[],"isMobileStyle":false,"style":{"width":"300px"},"spStyle":[],"attributes":[],"validations":[{"rule":"required","params":[]}],"help":"","step":1,"fields":[]},{"type":"SINGLE_LINE_TEXT","code":"\u59d3\u6238\u7c4d","label":"\u59d3","rowCount":1,"columnCount":0,"noLabel":false,"hide":false,"required":true,"editable":false,"maxValue":null,"minValue":null,"maxLength":0,"minLength":0,"defaultValue":"","options":[],"optionOrder":"horizontal","expression":null,"protocol":null,"isUseLookup":false,"lookup":{"view":[],"labelFields":[],"fieldMappings":[]},"isMobileStyle":false,"style":{"width":"223px"},"spStyle":[],"attributes":{"type":"text"},"validations":[{"rule":"required","params":[]}],"help":"","step":5,"fields":[]},{"type":"SINGLE_LINE_TEXT","code":"\u540d\u6238\u7c4d","label":"\u540d\uff08\u6238\u7c4d\uff09","rowCount":1,"columnCount":1,"noLabel":false,"hide":false,"required":true,"editable":false,"maxValue":null,"minValue":null,"maxLength":0,"minLength":0,"defaultValue":"","options":[],"optionOrder":"horizontal","expression":null,"protocol":null,"isUseLookup":false,"lookup":{"view":[],"labelFields":[],"fieldMappings":[]},"isMobileStyle":false,"style":{"width":"207px"},"spStyle":[],"attributes":{"type":"text"},"validations":[{"rule":"required","params":[]}],"help":"","step":5,"fields":[]},{"type":"SINGLE_LINE_TEXT","code":"\u30bb\u30a4\u6238\u7c4d\u30ab\u30ca","label":"\u30bb\u30a4\uff08\u5168\u89d2\u30ab\u30ca\uff09\uff08\u6238\u7c4d\uff09","rowCount":1,"columnCount":2,"noLabel":false,"hide":false,"required":true,"editable":false,"maxValue":null,"minValue":null,"maxLength":0,"minLength":0,"defaultValue":"","options":[],"optionOrder":"horizontal","expression":null,"protocol":null,"isUseLookup":false,"lookup":{"view":[],"labelFields":[],"fieldMappings":[]},"isMobileStyle":false,"style":{"width":"225px"},"spStyle":[],"attributes":{"type":"text"},"validations":[{"rule":"required","params":[]}],"help":"","step":5,"fields":[]},{"type":"SINGLE_LINE_TEXT","code":"\u30e1\u30a4\u6238\u7c4d\u30ab\u30ca","label":"\u30e1\u30a4\uff08\u5168\u89d2\u30ab\u30ca\uff09\uff08\u6238\u7c4d\uff09","rowCount":1,"columnCount":3,"noLabel":false,"hide":false,"required":true,"editable":false,"maxValue":null,"minValue":null,"maxLength":0,"minLength":0,"defaultValue":"","options":[],"optionOrder":"horizontal","expression":null,"protocol":null,"isUseLookup":false,"lookup":{"view":[],"labelFields":[],"fieldMappings":[]},"isMobileStyle":false,"style":{"width":"218px"},"spStyle":[],"attributes":{"type":"text"},"validations":[{"rule":"required","params":[]}],"help":"","step":5,"fields":[]},{"type":"LABEL","code":"label","label":"","rowCount":3,"columnCount":0,"noLabel":false,"hide":false,"required":false,"editable":true,"maxValue":null,"minValue":null,"maxLength":0,"minLength":0,"defaultValue":"","options":[],"optionOrder":"horizontal","expression":null,"protocol":"","isUseLookup":false,"lookup":{"view":[],"labelFields":[],"fieldMappings":[]},"isMobileStyle":false,"style":{"width":"300px"},"spStyle":[],"attributes":[],"validations":[],"help":"","step":5,"fields":[]},{"type":"DROP_DOWN","code":"\u6027\u5225\u6238\u7c4d","label":"\u6027\u5225","rowCount":4,"columnCount":0,"noLabel":false,"hide":false,"required":true,"editable":false,"maxValue":null,"minValue":null,"maxLength":0,"minLength":0,"defaultValue":"","options":["\u7537","\u5973"],"optionOrder":"horizontal","expression":null,"protocol":null,"isUseLookup":false,"lookup":{"view":[],"labelFields":[],"fieldMappings":[]},"isMobileStyle":false,"style":{"width":"300px"},"spStyle":[],"attributes":[],"validations":[{"rule":"required","params":[]}],"help":"","step":5,"fields":[]},{"type":"SINGLE_LINE_TEXT","code":"\u793e\u54e1No","label":"\u793e\u54e1\u30b3\u30fc\u30c9(\u5065\u5eb7\u4fdd\u967a\u756a\u53f7\u53ef)","rowCount":4,"columnCount":1,"noLabel":false,"hide":false,"required":true,"editable":false,"maxValue":null,"minValue":null,"maxLength":64,"minLength":0,"defaultValue":"","options":[],"optionOrder":"horizontal","expression":null,"protocol":null,"isUseLookup":false,"lookup":[],"isMobileStyle":false,"style":{"width":"300px"},"spStyle":[],"attributes":{"type":"text"},"validations":[{"rule":"required","params":[]},{"rule":"max","params":[64]}],"help":"","step":1,"fields":[]},{"type":"SINGLE_LINE_TEXT","code":"\u8a02\u6b63\u7528\u793e\u54e1No","label":"\u5de6\u306e\u793e\u54e1\u30b3\u30fc\u30c9\u304c\u7a7a\u6b04\u307e\u305f\u306f\u8aa4\u308a\u304c\u3042\u308b\u5834\u5408\u306f\u3053\u3061\u3089\u306b\u5165\u529b\u304f\u3060\u3055\u3044(\u793e\u54e1\u30b3\u30fc\u30c9\u4fee\u6b63\u6b04)","rowCount":4,"columnCount":2,"noLabel":false,"hide":false,"required":false,"editable":true,"maxValue":null,"minValue":null,"maxLength":0,"minLength":0,"defaultValue":"","options":[],"optionOrder":"horizontal","expression":null,"protocol":"","isUseLookup":false,"lookup":{"view":[],"labelFields":[],"fieldMappings":[]},"isMobileStyle":false,"style":{"width":"391px"},"spStyle":[],"attributes":{"type":"text"},"validations":[],"help":"","step":5,"fields":[]},{"type":"SINGLE_LINE_TEXT","code":"\u57fa\u790e\u5e74\u91d1\u756a\u53f7","label":"\u57fa\u790e\u5e74\u91d1\u756a\u53f7\uff08\u6570\u5b574\u6841-\u6570\u5b576\u6841\uff09","rowCount":5,"columnCount":0,"noLabel":false,"hide":false,"required":true,"editable":false,"maxValue":null,"minValue":null,"maxLength":0,"minLength":0,"defaultValue":"","options":[],"optionOrder":"horizontal","expression":null,"protocol":null,"isUseLookup":false,"lookup":{"view":[],"labelFields":[],"fieldMappings":[]},"isMobileStyle":false,"style":{"width":"300px"},"spStyle":[],"attributes":{"type":"text"},"validations":[{"rule":"required","params":[]}],"help":"","step":5,"fields":[]},{"type":"SINGLE_LINE_TEXT","code":"\u57fa\u790e\u5e74\u91d1\u756a\u53f7401k","label":"\u5de6\u306e\u57fa\u790e\u5e74\u91d1\u756a\u53f7\u304c\u7a7a\u6b04\u307e\u305f\u306f\u8aa4\u308a\u304c\u3042\u308b\u5834\u5408\u306f\u3053\u3061\u3089\u306b\u5165\u529b\u304f\u3060\u3055\u3044(\u57fa\u790e\u5e74\u91d1\u756a\u53f7\u4fee\u6b63\u6b04)","rowCount":5,"columnCount":1,"noLabel":false,"hide":false,"required":false,"editable":true,"maxValue":null,"minValue":null,"maxLength":0,"minLength":0,"defaultValue":"","options":[],"optionOrder":"horizontal","expression":null,"protocol":"","isUseLookup":false,"lookup":{"view":[],"labelFields":[],"fieldMappings":[]},"isMobileStyle":false,"style":{"width":"488px"},"spStyle":[],"attributes":{"type":"text"},"validations":[],"help":"","step":5,"fields":[]},{"type":"LABEL","code":"\u52a0\u5165\u8005\u30e9\u30d9\u30eb","label":"<p><strong style=\"color: rgb(230, 0, 0);\">\uff0a\u6bce\u670815\u65e5\u307e\u3067\u306e\u7533\u8fbc\u3067\u7fcc\u6708\uff11\u65e5\u52a0\u5165\u300215\u65e5\u3092\u904e\u304e\u308b\u3068\u7fcc\u3005\u67081\u65e5\u306e\u52a0\u5165\u3068\u306a\u308a\u307e\u3059\u3002<\/strong><\/p>","rowCount":6,"columnCount":0,"noLabel":false,"hide":false,"required":false,"editable":true,"maxValue":null,"minValue":null,"maxLength":0,"minLength":0,"defaultValue":"","options":[],"optionOrder":"horizontal","expression":null,"protocol":"","isUseLookup":false,"lookup":{"view":[],"labelFields":[],"fieldMappings":[]},"isMobileStyle":false,"style":{"width":"638px"},"spStyle":[],"attributes":[],"validations":[],"help":"","step":5,"fields":[]},{"type":"DROP_DOWN","code":"\u8cc7\u683c\u53d6\u5f97\u65e5401k","label":"\u52a0\u5165\u8cc7\u683c\u53d6\u5f97\u53ef\u80fd\u5e74\u6708","rowCount":7,"columnCount":0,"noLabel":false,"hide":false,"required":true,"editable":false,"maxValue":null,"minValue":null,"maxLength":0,"minLength":0,"defaultValue":"","options":["1\/1","2\/1","3\/1","4\/1","5\/1","6\/1","7\/1","8\/1","9\/1","10\/1","11\/1","12\/1"],"optionOrder":"horizontal","expression":null,"protocol":"","isUseLookup":false,"lookup":{"view":[],"labelFields":[],"fieldMappings":[]},"isMobileStyle":false,"style":{"width":"300px"},"spStyle":[],"attributes":[],"validations":[{"rule":"required","params":[]}],"help":"","step":5,"fields":[]},{"type":"SINGLE_LINE_TEXT","code":"\u6307\u5b9a\u65e5\u4ee5\u964d\u8cc7\u683c\u53d6\u5f97\u958b\u59cb\u65e5","label":"\u5de6\u306e\u52a0\u5165\u8cc7\u683c\u53d6\u5f97\u53ef\u80fd\u5e74\u6708\u3088\u308a\u5148\u306e\u5e0c\u671b\u6708\u306f\u3001\u3053\u3061\u3089\u306b\u5165\u529b\u3057\u3066\u304f\u3060\u3055\u3044","rowCount":7,"columnCount":1,"noLabel":false,"hide":false,"required":false,"editable":true,"maxValue":null,"minValue":null,"maxLength":0,"minLength":0,"defaultValue":"","options":[],"optionOrder":"horizontal","expression":null,"protocol":"","isUseLookup":false,"lookup":{"view":[],"labelFields":[],"fieldMappings":[]},"isMobileStyle":false,"style":{"width":"508px"},"spStyle":[],"attributes":{"type":"text"},"validations":[],"help":"","step":5,"fields":[]},{"type":"LABEL","code":"\u6cd5\u4eba\u62e0\u51fa\u984d\u672c\u4eba\u62e0\u51fa\u984d\u306e\u5408\u8a08\u30e9\u30d9\u30eb","label":"<p><strong>\u203b\u62e0\u51fa\u984d\u30923000\u5186\u4ee5\u4e0a55000\u5186\u4ee5\u5185\u306e\u4e2d\u3067\u9078\u3073\u3001\u9001\u4fe1\u3057\u3066\u304f\u3060\u3055\u3044<\/strong><\/p><p><strong style=\"color: rgb(230, 0, 0);\">\u203bDC\u30fbDB\u4e21\u65b9\u52a0\u5165\u3057\u3066\u3044\u308b\u9867\u554f\u5148\u69d8\u306f\u62e0\u51fa\u984d\u306e\u4e0a\u9650\u304c27500\u5186\u306b\u306a\u308a\u307e\u3059\u3002<\/strong><\/p>","rowCount":8,"columnCount":0,"noLabel":false,"hide":false,"required":false,"editable":true,"maxValue":null,"minValue":null,"maxLength":0,"minLength":0,"defaultValue":"","options":[],"optionOrder":"horizontal","expression":null,"protocol":"","isUseLookup":false,"lookup":{"view":[],"labelFields":[],"fieldMappings":[]},"isMobileStyle":false,"style":{"width":"577px"},"spStyle":[],"attributes":[],"validations":[],"help":"","step":5,"fields":[]},{"type":"DROP_DOWN","code":"\u672c\u4eba\u62e0\u51fa\u984d","label":"\u62e0\u51fa\u984d","rowCount":9,"columnCount":0,"noLabel":false,"hide":false,"required":true,"editable":true,"maxValue":null,"minValue":null,"maxLength":null,"minLength":null,"defaultValue":"","options":["3000","4000","5000","6000","7000","8000","9000","10000","11000","12000","13000","14000","15000","16000","17000","18000","19000","20000","21000","22000","23000","24000","25000","26000","27000","27500","28000","29000","30000","31000","32000","33000","34000","35000","36000","37000","38000","39000","40000","41000","42000","43000","44000","45000","46000","47000","48000","49000","50000","51000","52000","53000","54000","55000"],"optionOrder":"horizontal","expression":null,"protocol":null,"isUseLookup":false,"lookup":[],"isMobileStyle":false,"style":{"width":"300px"},"spStyle":[],"attributes":[],"validations":[{"rule":"required","params":[]}],"help":"","step":1,"fields":[]},{"type":"DROP_DOWN","code":"\u6cd5\u4eba\u62e0\u51fa\u984d","label":"\u6cd5\u4eba\u62e0\u51fa\u984d","rowCount":9,"columnCount":1,"noLabel":false,"hide":true,"required":false,"editable":true,"maxValue":null,"minValue":null,"maxLength":null,"minLength":null,"defaultValue":"","options":["3000","4000","5000","6000","7000","8000","9000","10000","11000","12000","13000","14000","15000","16000","17000","18000","19000","20000","21000","22000","23000","24000","25000","26000","27000","28000","29000","30000","31000","32000","33000","34000","35000","36000","37000","38000","39000","40000","41000","42000","43000","44000","45000","46000","47000","48000","49000","50000","51000","52000","53000","54000","55000"],"optionOrder":"horizontal","expression":null,"protocol":null,"isUseLookup":false,"lookup":[],"isMobileStyle":false,"style":{"width":"300px"},"spStyle":[],"attributes":[],"validations":[],"help":"","step":1,"fields":[]},{"type":"SINGLE_LINE_TEXT","code":"\u90f5\u4fbf\u756a\u53f7","label":"\u90f5\u4fbf\u756a\u53f7","rowCount":10,"columnCount":0,"noLabel":false,"hide":true,"required":false,"editable":false,"maxValue":null,"minValue":null,"maxLength":0,"minLength":0,"defaultValue":"","options":[],"optionOrder":"horizontal","expression":null,"protocol":null,"isUseLookup":false,"lookup":[],"isMobileStyle":false,"style":{"width":"300px"},"spStyle":[],"attributes":{"type":"text"},"validations":[],"help":"","step":1,"fields":[]},{"type":"SINGLE_LINE_TEXT","code":"\u4f4f\u6240","label":"\u4f4f\u6240\uff08\u756a\u5730\u307e\u3067\uff09","rowCount":11,"columnCount":0,"noLabel":false,"hide":true,"required":false,"editable":false,"maxValue":null,"minValue":null,"maxLength":0,"minLength":0,"defaultValue":"","options":[],"optionOrder":"horizontal","expression":null,"protocol":null,"isUseLookup":false,"lookup":[],"isMobileStyle":false,"style":{"width":"600px"},"spStyle":[],"attributes":{"type":"text"},"validations":[],"help":"","step":1,"fields":[]},{"type":"SINGLE_LINE_TEXT","code":"\u4f4f\u6240\uff8c\uff98\uff76\uff9e\uff85","label":"\u4f4f\u6240\u30d5\u30ea\u30ac\u30ca","rowCount":12,"columnCount":0,"noLabel":false,"hide":true,"required":false,"editable":false,"maxValue":null,"minValue":null,"maxLength":0,"minLength":0,"defaultValue":"","options":[],"optionOrder":"horizontal","expression":null,"protocol":"","isUseLookup":false,"lookup":{"view":[],"labelFields":[],"fieldMappings":[]},"isMobileStyle":false,"style":{"width":"600px"},"spStyle":[],"attributes":{"type":"text"},"validations":[],"help":"","step":5,"fields":[]},{"type":"MULTI_LINE_TEXT","code":"\u5099\u8003\u52a0\u5165","label":"\u5099\u8003","rowCount":13,"columnCount":0,"noLabel":false,"hide":false,"required":false,"editable":true,"maxValue":null,"minValue":null,"maxLength":0,"minLength":0,"defaultValue":"","options":[],"optionOrder":"horizontal","expression":null,"protocol":"","isUseLookup":false,"lookup":{"view":[],"labelFields":[],"fieldMappings":[]},"isMobileStyle":false,"style":{"width":"600px"},"spStyle":[],"attributes":{"rows":"5"},"validations":[],"help":"","step":5,"fields":[]},{"type":"DROP_DOWN","code":"\u30b9\u30c6\u30fc\u30bf\u30b95","label":"\u4f9d\u983c\u3059\u308b\u624b\u7d9a\u304d\u3092\u9078\u629e\u3057\u3066\u304f\u3060\u3055\u3044","rowCount":14,"columnCount":0,"noLabel":true,"hide":true,"required":true,"editable":true,"maxValue":null,"minValue":null,"maxLength":0,"minLength":0,"defaultValue":"\u65b0\u898f\u52a0\u5165","options":["\u65b0\u898f\u52a0\u5165"],"optionOrder":"horizontal","expression":null,"protocol":"","isUseLookup":false,"lookup":{"view":[],"labelFields":[],"fieldMappings":[]},"isMobileStyle":false,"style":{"width":"300px"},"spStyle":[],"attributes":[],"validations":[{"rule":"required","params":[]}],"help":"","step":5,"fields":[]},{"type":"DROP_DOWN","code":"\u672c\u4eba\u62e0\u51fa\u306e\u6709\u7121","label":"\u672c\u4eba\u62e0\u51fa\u306e\u6709\u7121","rowCount":14,"columnCount":1,"noLabel":false,"hide":true,"required":false,"editable":true,"maxValue":null,"minValue":null,"maxLength":0,"minLength":0,"defaultValue":"","options":["\u6709","\u7121"],"optionOrder":"horizontal","expression":null,"protocol":"","isUseLookup":false,"lookup":{"view":[],"labelFields":[],"fieldMappings":[]},"isMobileStyle":false,"style":{"width":"300px"},"spStyle":[],"attributes":[],"validations":[],"help":"","step":5,"fields":[]},{"type":"SINGLE_LINE_TEXT","code":"NKR\u30e1\u30fc\u30eb\u30a2\u30c9\u30ec\u30b9","label":"NKR\u30e1\u30fc\u30eb\u30a2\u30c9\u30ec\u30b9","rowCount":15,"columnCount":0,"noLabel":false,"hide":true,"required":false,"editable":false,"maxValue":null,"minValue":null,"maxLength":0,"minLength":0,"defaultValue":"","options":[],"optionOrder":"horizontal","expression":null,"protocol":"MAIL","isUseLookup":false,"lookup":{"view":[],"labelFields":[],"fieldMappings":[]},"isMobileStyle":false,"style":{"width":"300px"},"spStyle":[],"attributes":{"type":"email"},"validations":[{"rule":"email","params":[]}],"help":"","step":5,"fields":[]},{"type":"SINGLE_LINE_TEXT","code":"\u62c5\u5f53\u8005\u30e1\u30fc\u30eb\u30a2\u30c9\u30ec\u30b9","label":"\u62c5\u5f53\u8005\u30e1\u30fc\u30eb\u30a2\u30c9\u30ec\u30b9","rowCount":15,"columnCount":1,"noLabel":false,"hide":true,"required":false,"editable":false,"maxValue":null,"minValue":null,"maxLength":0,"minLength":0,"defaultValue":"","options":[],"optionOrder":"horizontal","expression":null,"protocol":"MAIL","isUseLookup":false,"lookup":{"view":[],"labelFields":[],"fieldMappings":[]},"isMobileStyle":false,"style":{"width":"300px"},"spStyle":[],"attributes":{"type":"email"},"validations":[{"rule":"email","params":[]}],"help":"","step":5,"fields":[]},{"type":"SINGLE_LINE_TEXT","code":"NKR\u85e4\u4e95\u30e1\u30fc\u30eb\u30a2\u30c9\u30ec\u30b9","label":"NKR\u85e4\u4e95\u30e1\u30fc\u30eb\u30a2\u30c9\u30ec\u30b9","rowCount":16,"columnCount":0,"noLabel":true,"hide":true,"required":false,"editable":false,"maxValue":null,"minValue":null,"maxLength":0,"minLength":0,"defaultValue":"k-fujii@nkr-group.com","options":[],"optionOrder":"horizontal","expression":null,"protocol":"MAIL","isUseLookup":false,"lookup":{"view":[],"labelFields":[],"fieldMappings":[]},"isMobileStyle":false,"style":{"width":"300px"},"spStyle":[],"attributes":{"type":"email"},"validations":[{"rule":"email","params":[]}],"help":"","step":5,"fields":[]},{"type":"SINGLE_LINE_TEXT","code":"NKR\u7b39\u4e95\u30e1\u30fc\u30eb\u30a2\u30c9\u30ec\u30b9","label":"NKR\u7b39\u4e95\u30e1\u30fc\u30eb\u30a2\u30c9\u30ec\u30b9","rowCount":16,"columnCount":1,"noLabel":true,"hide":true,"required":false,"editable":false,"maxValue":null,"minValue":null,"maxLength":0,"minLength":0,"defaultValue":"k-sasai@nkr-group.com","options":[],"optionOrder":"horizontal","expression":null,"protocol":"MAIL","isUseLookup":false,"lookup":{"view":[],"labelFields":[],"fieldMappings":[]},"isMobileStyle":false,"style":{"width":"300px"},"spStyle":[],"attributes":{"type":"email"},"validations":[{"rule":"email","params":[]}],"help":"","step":5,"fields":[]},{"type":"SINGLE_LINE_TEXT","code":"\u672c\u4eba\u62e0\u51fa\u73fe\u5728","label":"\u73fe\u5728\u306e\u672c\u4eba\u62e0\u51fa\u984d","rowCount":17,"columnCount":0,"noLabel":false,"hide":true,"required":false,"editable":true,"maxValue":null,"minValue":null,"maxLength":0,"minLength":0,"defaultValue":"","options":[],"optionOrder":"horizontal","expression":null,"protocol":"","isUseLookup":false,"lookup":{"view":[],"labelFields":[],"fieldMappings":[]},"isMobileStyle":false,"style":{"width":"300px"},"spStyle":[],"attributes":{"type":"text"},"validations":[],"help":"","step":5,"fields":[]},{"type":"SINGLE_LINE_TEXT","code":"\u6cd5\u4eba\u62e0\u51fa\u73fe\u5728","label":"\u73fe\u5728\u306e\u6cd5\u4eba\u62e0\u51fa\u984d","rowCount":17,"columnCount":1,"noLabel":false,"hide":true,"required":false,"editable":true,"maxValue":null,"minValue":null,"maxLength":0,"minLength":0,"defaultValue":"","options":[],"optionOrder":"horizontal","expression":null,"protocol":"","isUseLookup":false,"lookup":{"view":[],"labelFields":[],"fieldMappings":[]},"isMobileStyle":false,"style":{"width":"300px"},"spStyle":[],"attributes":{"type":"text"},"validations":[],"help":"","step":5,"fields":[]},{"type":"SUBTABLE","code":"\u52a0\u5165401k","label":"\u52a0\u5165\u21d2\u9867\u554f\u5148\u4ee5\u5916\u3082\u6c0f\u540d\u30fb\u4f4f\u6240\u306e\u57fa\u672c\u60c5\u5831\u306f\u81ea\u52d5\u53d7\u4fe1","rowCount":18,"columnCount":0,"noLabel":true,"hide":true,"required":false,"editable":true,"maxValue":null,"minValue":null,"maxLength":null,"minLength":null,"defaultValue":"","options":[],"optionOrder":"horizontal","expression":null,"protocol":null,"isUseLookup":false,"lookup":[],"isMobileStyle":false,"style":[],"spStyle":[],"attributes":[],"validations":[],"help":"","step":1,"fields":[{"type":"SINGLE_LINE_TEXT","code":"\u9023\u7d61\u65e5\u6642\u52a0\u5165","label":"\u9023\u7d61\u65e5\u6642","rowCount":10,"columnCount":0,"noLabel":false,"hide":false,"required":false,"editable":true,"maxValue":null,"minValue":null,"maxLength":0,"minLength":0,"defaultValue":"","options":[],"optionOrder":"horizontal","expression":null,"protocol":null,"isUseLookup":false,"lookup":[],"isMobileStyle":false,"style":{"width":"300px"},"spStyle":[],"attributes":{"type":"text"},"validations":[],"help":"","step":1},{"type":"DROP_DOWN","code":"\u8cc7\u683c\u53d6\u5f97\u958b\u59cb\u65e5","label":"\u8cc7\u683c\u53d6\u5f97\u958b\u59cb\u65e5","rowCount":10,"columnCount":1,"noLabel":false,"hide":false,"required":false,"editable":true,"maxValue":null,"minValue":null,"maxLength":null,"minLength":null,"defaultValue":"","options":["1\/1","2\/1","3\/1","4\/1","5\/1","6\/1","7\/1","8\/1","9\/1","10\/1","11\/1","12\/1"],"optionOrder":"horizontal","expression":null,"protocol":null,"isUseLookup":false,"lookup":[],"isMobileStyle":false,"style":{"width":"300px"},"spStyle":[],"attributes":[],"validations":[],"help":"","step":1},{"type":"SINGLE_LINE_TEXT","code":"\u672c\u4eba\u62e0\u51fa\u306e\u6709\u7121\u52a0\u5165","label":"\u672c\u4eba\u62e0\u51fa\u306e\u6709\u7121","rowCount":10,"columnCount":2,"noLabel":false,"hide":false,"required":false,"editable":true,"maxValue":null,"minValue":null,"maxLength":0,"minLength":0,"defaultValue":"","options":[],"optionOrder":"horizontal","expression":null,"protocol":null,"isUseLookup":false,"lookup":[],"isMobileStyle":false,"style":{"width":"300px"},"spStyle":[],"attributes":{"type":"text"},"validations":[],"help":"","step":1},{"type":"SINGLE_LINE_TEXT","code":"\u672c\u4eba\u62e0\u51fa\u984d\u52a0\u5165","label":"\u672c\u4eba\u62e0\u51fa\u984d","rowCount":10,"columnCount":3,"noLabel":false,"hide":false,"required":false,"editable":true,"maxValue":null,"minValue":null,"maxLength":0,"minLength":0,"defaultValue":"","options":[],"optionOrder":"horizontal","expression":null,"protocol":null,"isUseLookup":false,"lookup":[],"isMobileStyle":false,"style":{"width":"300px"},"spStyle":[],"attributes":{"type":"text"},"validations":[],"help":"","step":1},{"type":"SINGLE_LINE_TEXT","code":"\u6cd5\u4eba\u62e0\u51fa\u984d\u52a0\u5165","label":"\u6cd5\u4eba\u62e0\u51fa\u984d","rowCount":10,"columnCount":4,"noLabel":false,"hide":false,"required":false,"editable":true,"maxValue":null,"minValue":null,"maxLength":0,"minLength":0,"defaultValue":"","options":[],"optionOrder":"horizontal","expression":null,"protocol":null,"isUseLookup":false,"lookup":[],"isMobileStyle":false,"style":{"width":"300px"},"spStyle":[],"attributes":{"type":"text"},"validations":[],"help":"","step":1},{"type":"DROP_DOWN","code":"\u6307\u5b9a\u65e5\u4ee5\u964d\u8cc7\u683c\u53d6\u5f97\u958b\u59cb\u65e5","label":"\u6307\u5b9a\u65e5\u4ee5\u964d\u8cc7\u683c\u53d6\u5f97\u958b\u59cb\u65e5","rowCount":10,"columnCount":5,"noLabel":false,"hide":false,"required":false,"editable":true,"maxValue":null,"minValue":null,"maxLength":null,"minLength":null,"defaultValue":"","options":["1\/1","2\/1","3\/1","4\/1","5\/1","6\/1","7\/1","8\/1","9\/1","10\/1","11\/1","12\/1"],"optionOrder":"horizontal","expression":null,"protocol":null,"isUseLookup":false,"lookup":[],"isMobileStyle":false,"style":{"width":"300px"},"spStyle":[],"attributes":[],"validations":[],"help":"","step":1},{"type":"MULTI_LINE_TEXT","code":"\u5099\u8003\u52a0\u5165","label":"\u5099\u8003\u52a0\u5165","rowCount":10,"columnCount":6,"noLabel":false,"hide":false,"required":false,"editable":true,"maxValue":null,"minValue":null,"maxLength":null,"minLength":null,"defaultValue":"","options":[],"optionOrder":"horizontal","expression":null,"protocol":null,"isUseLookup":false,"lookup":[],"isMobileStyle":false,"style":{"width":"300px"},"spStyle":[],"attributes":[],"validations":[],"help":"","step":1},{"type":"DROP_DOWN","code":"\u624b\u7d9a\u304d\u52a0\u5165","label":"\u624b\u7d9a\u304d\u72b6\u6cc1","rowCount":10,"columnCount":7,"noLabel":false,"hide":false,"required":false,"editable":true,"maxValue":null,"minValue":null,"maxLength":null,"minLength":null,"defaultValue":"","options":["\u624b\u7d9a\u304d\u4e2d","\u624b\u7d9a\u304d\u6e08\u307f"],"optionOrder":"horizontal","expression":null,"protocol":null,"isUseLookup":false,"lookup":[],"isMobileStyle":false,"style":{"width":"300px"},"spStyle":[],"attributes":[],"validations":[],"help":"","step":1}]},{"type":"SUBTABLE","code":"\u55aa\u5931401k","label":"\u55aa\u5931\u21d2\u9867\u554f\u5148\u4ee5\u5916\u306f\u624b\u52d5\u306b\u3066\u9000\u8077\u9023\u7d61\u306e\u9000\u8077\u5e74\u6708\u65e5\u3092\u5165\u308c\u308b\u3053\u3068","rowCount":19,"columnCount":0,"noLabel":true,"hide":true,"required":false,"editable":true,"maxValue":null,"minValue":null,"maxLength":null,"minLength":null,"defaultValue":"","options":[],"optionOrder":"horizontal","expression":null,"protocol":null,"isUseLookup":false,"lookup":[],"isMobileStyle":false,"style":[],"spStyle":[],"attributes":[],"validations":[],"help":"","step":1,"fields":[{"type":"SINGLE_LINE_TEXT","code":"\u9023\u7d61\u65e5\u6642\u55aa\u5931","label":"\u9023\u7d61\u65e5\u6642","rowCount":11,"columnCount":0,"noLabel":false,"hide":false,"required":false,"editable":true,"maxValue":null,"minValue":null,"maxLength":0,"minLength":0,"defaultValue":"","options":[],"optionOrder":"horizontal","expression":null,"protocol":null,"isUseLookup":false,"lookup":[],"isMobileStyle":false,"style":{"width":"300px"},"spStyle":[],"attributes":{"type":"text"},"validations":[],"help":"","step":1},{"type":"SINGLE_LINE_TEXT","code":"\u9000\u8077\u7406\u7531\u55aa\u5931","label":"\u55aa\u5931\u7406\u7531","rowCount":11,"columnCount":1,"noLabel":false,"hide":false,"required":false,"editable":true,"maxValue":null,"minValue":null,"maxLength":0,"minLength":0,"defaultValue":"","options":[],"optionOrder":"horizontal","expression":null,"protocol":null,"isUseLookup":false,"lookup":[],"isMobileStyle":false,"style":{"width":"300px"},"spStyle":[],"attributes":{"type":"text"},"validations":[],"help":"","step":1},{"type":"DATE","code":"\u8cc7\u683c\u55aa\u5931\u65e5\u55aa\u5931","label":"\u8cc7\u683c\u55aa\u5931\u65e5","rowCount":11,"columnCount":2,"noLabel":false,"hide":false,"required":false,"editable":true,"maxValue":null,"minValue":null,"maxLength":null,"minLength":null,"defaultValue":"","options":[],"optionOrder":"horizontal","expression":null,"protocol":null,"isUseLookup":false,"lookup":[],"isMobileStyle":false,"style":{"width":"300px"},"spStyle":[],"attributes":[],"validations":[],"help":"","step":1},{"type":"FILE","code":"\u63d0\u51fa\u66f8\u985e\u55aa\u5931","label":"\u55aa\u5931\u6642\u63d0\u51fa\u66f8\u985e","rowCount":11,"columnCount":3,"noLabel":false,"hide":false,"required":false,"editable":true,"maxValue":null,"minValue":null,"maxLength":null,"minLength":null,"defaultValue":"","options":[],"optionOrder":"horizontal","expression":null,"protocol":null,"isUseLookup":false,"lookup":[],"isMobileStyle":false,"style":{"width":"300px"},"spStyle":[],"attributes":[],"validations":[],"help":"","step":1},{"type":"MULTI_LINE_TEXT","code":"\u5099\u8003\u55aa\u5931","label":"\u5099\u8003\u55aa\u5931","rowCount":11,"columnCount":4,"noLabel":false,"hide":false,"required":false,"editable":true,"maxValue":null,"minValue":null,"maxLength":null,"minLength":null,"defaultValue":"","options":[],"optionOrder":"horizontal","expression":null,"protocol":null,"isUseLookup":false,"lookup":[],"isMobileStyle":false,"style":{"width":"300px"},"spStyle":[],"attributes":[],"validations":[],"help":"","step":1},{"type":"DROP_DOWN","code":"\u624b\u7d9a\u304d\u55aa\u5931","label":"\u624b\u7d9a\u304d\u72b6\u6cc1","rowCount":11,"columnCount":5,"noLabel":false,"hide":false,"required":false,"editable":true,"maxValue":null,"minValue":null,"maxLength":null,"minLength":null,"defaultValue":"","options":["\u624b\u7d9a\u304d\u4e2d","\u624b\u7d9a\u304d\u6e08\u307f"],"optionOrder":"horizontal","expression":null,"protocol":null,"isUseLookup":false,"lookup":[],"isMobileStyle":false,"style":{"width":"300px"},"spStyle":[],"attributes":[],"validations":[],"help":"","step":1}]},{"type":"SUBTABLE","code":"\u639b\u91d1\u5909\u66f4401k","label":"\u639b\u91d1\u5909\u66f4","rowCount":20,"columnCount":0,"noLabel":true,"hide":true,"required":false,"editable":true,"maxValue":null,"minValue":null,"maxLength":null,"minLength":null,"defaultValue":"","options":[],"optionOrder":"horizontal","expression":null,"protocol":null,"isUseLookup":false,"lookup":[],"isMobileStyle":false,"style":[],"spStyle":[],"attributes":[],"validations":[],"help":"","step":1,"fields":[{"type":"SINGLE_LINE_TEXT","code":"\u9023\u7d61\u65e5\u6642\u639b\u91d1\u5909\u66f4","label":"\u9023\u7d61\u65e5\u6642","rowCount":12,"columnCount":0,"noLabel":false,"hide":false,"required":false,"editable":true,"maxValue":null,"minValue":null,"maxLength":0,"minLength":0,"defaultValue":"","options":[],"optionOrder":"horizontal","expression":null,"protocol":null,"isUseLookup":false,"lookup":[],"isMobileStyle":false,"style":{"width":"300px"},"spStyle":[],"attributes":{"type":"text"},"validations":[],"help":"","step":1},{"type":"DROP_DOWN","code":"\u639b\u91d1\u5909\u66f4\u65e5","label":"\u639b\u91d1\u5909\u66f4\u65e5","rowCount":12,"columnCount":1,"noLabel":false,"hide":false,"required":false,"editable":true,"maxValue":null,"minValue":null,"maxLength":null,"minLength":null,"defaultValue":"","options":["1\/1","2\/1","3\/1","4\/1","5\/1","6\/1","7\/1","8\/1","9\/1","10\/1","11\/1","12\/1"],"optionOrder":"horizontal","expression":null,"protocol":null,"isUseLookup":false,"lookup":[],"isMobileStyle":false,"style":{"width":"300px"},"spStyle":[],"attributes":[],"validations":[],"help":"","step":1},{"type":"SINGLE_LINE_TEXT","code":"\u672c\u4eba\u62e0\u51fa\u984d\u639b\u91d1\u5909\u66f4","label":"\u672c\u4eba\u62e0\u51fa\u984d\u5909\u66f4\u5f8c\u306e\u91d1\u984d","rowCount":12,"columnCount":2,"noLabel":false,"hide":false,"required":false,"editable":true,"maxValue":null,"minValue":null,"maxLength":0,"minLength":0,"defaultValue":"","options":[],"optionOrder":"horizontal","expression":null,"protocol":null,"isUseLookup":false,"lookup":[],"isMobileStyle":false,"style":{"width":"300px"},"spStyle":[],"attributes":{"type":"text"},"validations":[],"help":"","step":1},{"type":"SINGLE_LINE_TEXT","code":"\u6cd5\u4eba\u62e0\u51fa\u984d\u639b\u91d1\u5909\u66f4","label":"\u6cd5\u4eba\u62e0\u51fa\u984d\u5909\u66f4\u5f8c\u306e\u91d1\u984d","rowCount":12,"columnCount":3,"noLabel":false,"hide":false,"required":false,"editable":true,"maxValue":null,"minValue":null,"maxLength":0,"minLength":0,"defaultValue":"","options":[],"optionOrder":"horizontal","expression":null,"protocol":null,"isUseLookup":false,"lookup":[],"isMobileStyle":false,"style":{"width":"300px"},"spStyle":[],"attributes":{"type":"text"},"validations":[],"help":"","step":1},{"type":"DROP_DOWN","code":"\u6307\u5b9a\u65e5\u4ee5\u964d\u639b\u91d1\u5909\u66f4\u65e5","label":"\u6307\u5b9a\u65e5\u4ee5\u964d\u639b\u91d1\u5909\u66f4\u65e5","rowCount":12,"columnCount":4,"noLabel":false,"hide":false,"required":false,"editable":true,"maxValue":null,"minValue":null,"maxLength":null,"minLength":null,"defaultValue":"","options":["1\/1","2\/1","3\/1","4\/1","5\/1","6\/1","7\/1","8\/1","9\/1","10\/1","11\/1","12\/1"],"optionOrder":"horizontal","expression":null,"protocol":null,"isUseLookup":false,"lookup":[],"isMobileStyle":false,"style":{"width":"300px"},"spStyle":[],"attributes":[],"validations":[],"help":"","step":1},{"type":"MULTI_LINE_TEXT","code":"\u5099\u8003\u639b\u91d1\u5909\u66f4","label":"\u5099\u8003\u639b\u91d1\u5909\u66f4","rowCount":12,"columnCount":5,"noLabel":false,"hide":false,"required":false,"editable":true,"maxValue":null,"minValue":null,"maxLength":null,"minLength":null,"defaultValue":"","options":[],"optionOrder":"horizontal","expression":null,"protocol":null,"isUseLookup":false,"lookup":[],"isMobileStyle":false,"style":{"width":"300px"},"spStyle":[],"attributes":[],"validations":[],"help":"","step":1},{"type":"DROP_DOWN","code":"\u624b\u7d9a\u304d\u639b\u91d1\u5909\u66f4","label":"\u624b\u7d9a\u304d\u72b6\u6cc1","rowCount":12,"columnCount":6,"noLabel":false,"hide":false,"required":false,"editable":true,"maxValue":null,"minValue":null,"maxLength":null,"minLength":null,"defaultValue":"","options":["\u624b\u7d9a\u304d\u4e2d","\u624b\u7d9a\u304d\u6e08\u307f"],"optionOrder":"horizontal","expression":null,"protocol":null,"isUseLookup":false,"lookup":[],"isMobileStyle":false,"style":{"width":"300px"},"spStyle":[],"attributes":[],"validations":[],"help":"","step":1}]},{"type":"SUBTABLE","code":"\u80b2\u4f11\u4f11\u8077401k","label":"\u80b2\u4f11\u4f11\u8077","rowCount":21,"columnCount":0,"noLabel":true,"hide":true,"required":false,"editable":true,"maxValue":null,"minValue":null,"maxLength":null,"minLength":null,"defaultValue":"","options":[],"optionOrder":"horizontal","expression":null,"protocol":null,"isUseLookup":false,"lookup":[],"isMobileStyle":false,"style":[],"spStyle":[],"attributes":[],"validations":[],"help":"","step":1,"fields":[{"type":"SINGLE_LINE_TEXT","code":"\u9023\u7d61\u65e5\u6642\u80b2\u4f11","label":"\u9023\u7d61\u65e5\u6642","rowCount":13,"columnCount":0,"noLabel":false,"hide":false,"required":false,"editable":true,"maxValue":null,"minValue":null,"maxLength":0,"minLength":0,"defaultValue":"","options":[],"optionOrder":"horizontal","expression":null,"protocol":null,"isUseLookup":false,"lookup":[],"isMobileStyle":false,"style":{"width":"300px"},"spStyle":[],"attributes":{"type":"text"},"validations":[],"help":"","step":1},{"type":"DATE","code":"\u4f11\u6b62\u3059\u308b\u62e0\u51fa\u5e74\u6708","label":"\u4f11\u6b62\u3059\u308b\u62e0\u51fa\u5e74\u6708","rowCount":13,"columnCount":1,"noLabel":false,"hide":false,"required":false,"editable":true,"maxValue":null,"minValue":null,"maxLength":null,"minLength":null,"defaultValue":"","options":[],"optionOrder":"horizontal","expression":null,"protocol":null,"isUseLookup":false,"lookup":[],"isMobileStyle":false,"style":{"width":"300px"},"spStyle":[],"attributes":[],"validations":[],"help":"","step":1},{"type":"RADIO_BUTTON","code":"\u639b\u91d1\u306e\u505c\u6b62\u5e0c\u671b\u306e\u6709\u7121\u80b2\u4f11","label":"\u639b\u91d1\u306e\u505c\u6b62\u5e0c\u671b\u306e\u6709\u7121","rowCount":13,"columnCount":2,"noLabel":false,"hide":false,"required":true,"editable":true,"maxValue":null,"minValue":null,"maxLength":null,"minLength":null,"defaultValue":"\u6709","options":["\u6709","\u7121"],"optionOrder":"horizontal","expression":null,"protocol":null,"isUseLookup":false,"lookup":[],"isMobileStyle":false,"style":{"width":"300px"},"spStyle":[],"attributes":[],"validations":[{"rule":"required","params":[]}],"help":"","step":1},{"type":"MULTI_LINE_TEXT","code":"\u5099\u8003\u4f11\u8077","label":"\u5099\u8003\u4f11\u8077","rowCount":13,"columnCount":3,"noLabel":false,"hide":false,"required":false,"editable":true,"maxValue":null,"minValue":null,"maxLength":null,"minLength":null,"defaultValue":"","options":[],"optionOrder":"horizontal","expression":null,"protocol":null,"isUseLookup":false,"lookup":[],"isMobileStyle":false,"style":{"width":"300px"},"spStyle":[],"attributes":[],"validations":[],"help":"","step":1},{"type":"DROP_DOWN","code":"\u624b\u7d9a\u304d\u80b2\u4f11\u4f11\u8077","label":"\u624b\u7d9a\u304d\u72b6\u6cc1","rowCount":13,"columnCount":4,"noLabel":false,"hide":false,"required":false,"editable":true,"maxValue":null,"minValue":null,"maxLength":null,"minLength":null,"defaultValue":"","options":["\u624b\u7d9a\u304d\u4e2d","\u624b\u7d9a\u304d\u6e08\u307f"],"optionOrder":"horizontal","expression":null,"protocol":null,"isUseLookup":false,"lookup":[],"isMobileStyle":false,"style":{"width":"300px"},"spStyle":[],"attributes":[],"validations":[],"help":"","step":1}]},{"type":"SUBTABLE","code":"\u5fa9\u8077401k","label":"\u5fa9\u8077\u21d2\u518d\u958b\u5f8c\u306e\u639b\u91d1\u78ba\u5b9a\u5f8c\u306f\u3001\u62e0\u51fa\u984d\u30d5\u30a3\u30fc\u30eb\u30c9\u306b\u3082\u624b\u52d5\u306b\u3066\u5909\u66f4\u3059\u308b\u3053\u3068","rowCount":22,"columnCount":0,"noLabel":true,"hide":true,"required":false,"editable":true,"maxValue":null,"minValue":null,"maxLength":null,"minLength":null,"defaultValue":"","options":[],"optionOrder":"horizontal","expression":null,"protocol":null,"isUseLookup":false,"lookup":[],"isMobileStyle":false,"style":[],"spStyle":[],"attributes":[],"validations":[],"help":"","step":1,"fields":[{"type":"SINGLE_LINE_TEXT","code":"\u9023\u7d61\u65e5\u6642\u5fa9\u8077","label":"\u9023\u7d61\u65e5\u6642","rowCount":14,"columnCount":0,"noLabel":false,"hide":false,"required":false,"editable":true,"maxValue":null,"minValue":null,"maxLength":0,"minLength":0,"defaultValue":"","options":[],"optionOrder":"horizontal","expression":null,"protocol":null,"isUseLookup":false,"lookup":[],"isMobileStyle":false,"style":{"width":"300px"},"spStyle":[],"attributes":{"type":"text"},"validations":[],"help":"","step":1},{"type":"DROP_DOWN","code":"\u518d\u958b\u62e0\u51fa\u5e74\u6708","label":"\u518d\u958b\u62e0\u51fa\u5e74\u6708","rowCount":14,"columnCount":1,"noLabel":false,"hide":false,"required":false,"editable":true,"maxValue":null,"minValue":null,"maxLength":null,"minLength":null,"defaultValue":"","options":["1\/1","2\/1","3\/1","4\/1","5\/1","6\/1","7\/1","8\/1","9\/1","10\/1","11\/1","12\/1"],"optionOrder":"horizontal","expression":null,"protocol":null,"isUseLookup":false,"lookup":[],"isMobileStyle":false,"style":{"width":"300px"},"spStyle":[],"attributes":[],"validations":[],"help":"","step":1},{"type":"DROP_DOWN","code":"\u6307\u5b9a\u65e5\u4ee5\u964d\u5fa9\u8077\u958b\u59cb\u65e5","label":"\u6307\u5b9a\u65e5\u4ee5\u964d\u5fa9\u8077\u958b\u59cb\u65e5","rowCount":14,"columnCount":2,"noLabel":false,"hide":false,"required":false,"editable":true,"maxValue":null,"minValue":null,"maxLength":null,"minLength":null,"defaultValue":"","options":["1\/1","2\/1","3\/1","4\/1","5\/1","6\/1","7\/1","8\/1","9\/1","10\/1","11\/1","12\/1"],"optionOrder":"horizontal","expression":null,"protocol":null,"isUseLookup":false,"lookup":[],"isMobileStyle":false,"style":{"width":"300px"},"spStyle":[],"attributes":[],"validations":[],"help":"","step":1},{"type":"SINGLE_LINE_TEXT","code":"\u518d\u958b\u5f8c\u639b\u91d1","label":"\u518d\u958b\u5f8c\u306e\u639b\u91d1","rowCount":14,"columnCount":3,"noLabel":false,"hide":false,"required":false,"editable":true,"maxValue":null,"minValue":null,"maxLength":0,"minLength":0,"defaultValue":"","options":[],"optionOrder":"horizontal","expression":null,"protocol":null,"isUseLookup":false,"lookup":[],"isMobileStyle":false,"style":{"width":"300px"},"spStyle":[],"attributes":{"type":"text"},"validations":[],"help":"","step":1},{"type":"MULTI_LINE_TEXT","code":"\u5099\u8003\u5fa9\u8077","label":"\u5099\u8003\u5fa9\u8077","rowCount":14,"columnCount":4,"noLabel":false,"hide":false,"required":false,"editable":true,"maxValue":null,"minValue":null,"maxLength":null,"minLength":null,"defaultValue":"","options":[],"optionOrder":"horizontal","expression":null,"protocol":null,"isUseLookup":false,"lookup":[],"isMobileStyle":false,"style":{"width":"300px"},"spStyle":[],"attributes":[],"validations":[],"help":"","step":1},{"type":"DROP_DOWN","code":"\u624b\u7d9a\u304d\u5fa9\u8077","label":"\u624b\u7d9a\u304d\u72b6\u6cc1","rowCount":14,"columnCount":5,"noLabel":false,"hide":false,"required":false,"editable":true,"maxValue":null,"minValue":null,"maxLength":null,"minLength":null,"defaultValue":"","options":["\u624b\u7d9a\u304d\u4e2d","\u624b\u7d9a\u304d\u6e08\u307f"],"optionOrder":"horizontal","expression":null,"protocol":null,"isUseLookup":false,"lookup":[],"isMobileStyle":false,"style":{"width":"300px"},"spStyle":[],"attributes":[],"validations":[],"help":"","step":1}]},{"type":"SUBTABLE","code":"\u4f4f\u6240\u5909\u66f4401k","label":"\u4f4f\u6240\u5909\u66f4","rowCount":23,"columnCount":0,"noLabel":true,"hide":true,"required":false,"editable":true,"maxValue":null,"minValue":null,"maxLength":null,"minLength":null,"defaultValue":"","options":[],"optionOrder":"horizontal","expression":null,"protocol":null,"isUseLookup":false,"lookup":[],"isMobileStyle":false,"style":[],"spStyle":[],"attributes":[],"validations":[],"help":"","step":1,"fields":[{"type":"SINGLE_LINE_TEXT","code":"\u9023\u7d61\u65e5\u6642\u4f4f\u6240\u5909\u66f4","label":"\u9023\u7d61\u65e5\u6642","rowCount":15,"columnCount":0,"noLabel":false,"hide":false,"required":false,"editable":true,"maxValue":null,"minValue":null,"maxLength":0,"minLength":0,"defaultValue":"","options":[],"optionOrder":"horizontal","expression":null,"protocol":null,"isUseLookup":false,"lookup":[],"isMobileStyle":false,"style":{"width":"300px"},"spStyle":[],"attributes":{"type":"text"},"validations":[],"help":"","step":1},{"type":"SINGLE_LINE_TEXT","code":"\u5909\u66f4\u5f8c\u306e\u90f5\u4fbf\u756a\u53f7","label":"\u5909\u66f4\u5f8c\u306e\u90f5\u4fbf\u756a\u53f7","rowCount":15,"columnCount":1,"noLabel":false,"hide":false,"required":false,"editable":true,"maxValue":null,"minValue":null,"maxLength":0,"minLength":0,"defaultValue":"","options":[],"optionOrder":"horizontal","expression":null,"protocol":null,"isUseLookup":false,"lookup":[],"isMobileStyle":false,"style":{"width":"300px"},"spStyle":[],"attributes":{"type":"text"},"validations":[],"help":"","step":1},{"type":"SINGLE_LINE_TEXT","code":"\u5909\u66f4\u5f8c\u4f4f\u6240","label":"\u5909\u66f4\u5f8c\u4f4f\u6240","rowCount":15,"columnCount":2,"noLabel":false,"hide":false,"required":false,"editable":true,"maxValue":null,"minValue":null,"maxLength":0,"minLength":0,"defaultValue":"","options":[],"optionOrder":"horizontal","expression":null,"protocol":null,"isUseLookup":false,"lookup":[],"isMobileStyle":false,"style":{"width":"300px"},"spStyle":[],"attributes":{"type":"text"},"validations":[],"help":"","step":1},{"type":"SINGLE_LINE_TEXT","code":"\u5909\u66f4\u5f8c\u4f4f\u6240\u5168\u89d2","label":"\u5909\u66f4\u5f8c\u306e\u4f4f\u6240\u5168\u89d2","rowCount":15,"columnCount":3,"noLabel":false,"hide":false,"required":false,"editable":true,"maxValue":null,"minValue":null,"maxLength":0,"minLength":0,"defaultValue":"","options":[],"optionOrder":"horizontal","expression":null,"protocol":null,"isUseLookup":false,"lookup":[],"isMobileStyle":false,"style":{"width":"300px"},"spStyle":[],"attributes":{"type":"text"},"validations":[],"help":"","step":1},{"type":"DROP_DOWN","code":"\u624b\u7d9a\u304d\u4f4f\u6240\u5909\u66f4","label":"\u624b\u7d9a\u304d\u72b6\u6cc1","rowCount":15,"columnCount":4,"noLabel":false,"hide":false,"required":false,"editable":true,"maxValue":null,"minValue":null,"maxLength":null,"minLength":null,"defaultValue":"","options":["\u624b\u7d9a\u304d\u4e2d","\u624b\u7d9a\u304d\u6e08\u307f"],"optionOrder":"horizontal","expression":null,"protocol":null,"isUseLookup":false,"lookup":[],"isMobileStyle":false,"style":{"width":"300px"},"spStyle":[],"attributes":[],"validations":[],"help":"","step":1}]},{"type":"SUBTABLE","code":"\u6c0f\u540d\u5909\u66f4401k","label":"\u6c0f\u540d\u5909\u66f4","rowCount":24,"columnCount":0,"noLabel":true,"hide":true,"required":false,"editable":true,"maxValue":null,"minValue":null,"maxLength":null,"minLength":null,"defaultValue":"","options":[],"optionOrder":"horizontal","expression":null,"protocol":null,"isUseLookup":false,"lookup":[],"isMobileStyle":false,"style":[],"spStyle":[],"attributes":[],"validations":[],"help":"","step":1,"fields":[{"type":"SINGLE_LINE_TEXT","code":"\u9023\u7d61\u65e5\u6642\u6c0f\u540d\u5909\u66f4","label":"\u9023\u7d61\u65e5\u6642","rowCount":16,"columnCount":0,"noLabel":false,"hide":false,"required":false,"editable":true,"maxValue":null,"minValue":null,"maxLength":0,"minLength":0,"defaultValue":"","options":[],"optionOrder":"horizontal","expression":null,"protocol":null,"isUseLookup":false,"lookup":[],"isMobileStyle":false,"style":{"width":"300px"},"spStyle":[],"attributes":{"type":"text"},"validations":[],"help":"","step":1},{"type":"SINGLE_LINE_TEXT","code":"\u5909\u66f4\u5f8c\u59d3","label":"\u5909\u66f4\u5f8c\u59d3","rowCount":16,"columnCount":1,"noLabel":false,"hide":false,"required":false,"editable":true,"maxValue":null,"minValue":null,"maxLength":0,"minLength":0,"defaultValue":"","options":[],"optionOrder":"horizontal","expression":null,"protocol":null,"isUseLookup":false,"lookup":[],"isMobileStyle":false,"style":{"width":"300px"},"spStyle":[],"attributes":{"type":"text"},"validations":[],"help":"","step":1},{"type":"SINGLE_LINE_TEXT","code":"\u5909\u66f4\u5f8c\u540d","label":"\u5909\u66f4\u5f8c\u540d","rowCount":16,"columnCount":2,"noLabel":false,"hide":false,"required":false,"editable":true,"maxValue":null,"minValue":null,"maxLength":0,"minLength":0,"defaultValue":"","options":[],"optionOrder":"horizontal","expression":null,"protocol":null,"isUseLookup":false,"lookup":[],"isMobileStyle":false,"style":{"width":"300px"},"spStyle":[],"attributes":{"type":"text"},"validations":[],"help":"","step":1},{"type":"SINGLE_LINE_TEXT","code":"\u5909\u66f4\u5f8c\u59d3\u5168\u89d2","label":"\u5909\u66f4\u5f8c\u59d3\u5168\u89d2","rowCount":16,"columnCount":3,"noLabel":false,"hide":false,"required":false,"editable":true,"maxValue":null,"minValue":null,"maxLength":0,"minLength":0,"defaultValue":"","options":[],"optionOrder":"horizontal","expression":null,"protocol":null,"isUseLookup":false,"lookup":[],"isMobileStyle":false,"style":{"width":"300px"},"spStyle":[],"attributes":{"type":"text"},"validations":[],"help":"","step":1},{"type":"SINGLE_LINE_TEXT","code":"\u5909\u66f4\u5f8c\u540d\u5168\u89d2","label":"\u5909\u66f4\u5f8c\u540d\u5168\u89d2","rowCount":16,"columnCount":4,"noLabel":false,"hide":false,"required":false,"editable":true,"maxValue":null,"minValue":null,"maxLength":0,"minLength":0,"defaultValue":"","options":[],"optionOrder":"horizontal","expression":null,"protocol":null,"isUseLookup":false,"lookup":[],"isMobileStyle":false,"style":{"width":"300px"},"spStyle":[],"attributes":{"type":"text"},"validations":[],"help":"","step":1},{"type":"DROP_DOWN","code":"\u624b\u7d9a\u304d\u6c0f\u540d\u5909\u66f4","label":"\u624b\u7d9a\u304d\u72b6\u6cc1","rowCount":16,"columnCount":5,"noLabel":false,"hide":false,"required":false,"editable":true,"maxValue":null,"minValue":null,"maxLength":null,"minLength":null,"defaultValue":"","options":["\u624b\u7d9a\u304d\u4e2d","\u624b\u7d9a\u304d\u6e08\u307f"],"optionOrder":"horizontal","expression":null,"protocol":null,"isUseLookup":false,"lookup":[],"isMobileStyle":false,"style":{"width":"300px"},"spStyle":[],"attributes":[],"validations":[],"help":"","step":1}]}],"bridges":[{"name":"","description":null,"sort":0,"type":"KintoneBridge","ift":{"sign":"","type":"all","field":"","value":""},"kintoneBridge":{"kintoneBridgeFields":[{"fieldCode":"_401k\u52a0\u5165\u6709\u7121","oppositeFieldCode":"_401k\u52a0\u5165\u6709\u7121"}]},"errorNotificationBridge":null,"adminNotificationBridge":null,"autoReplyBridge":null,"calcBridge":null,"replaceBridge":null,"concatBridge":null,"autoIncrementBridge":null,"kmailerBridge":null},{"name":"","description":null,"sort":1,"type":"KintoneBridge","ift":{"sign":"","type":"all","field":"","value":""},"kintoneBridge":{"kintoneBridgeFields":[{"fieldCode":"\u793e\u54e1No0","oppositeFieldCode":"\u793e\u54e1No0"},{"fieldCode":"\u624b\u7d9a\u304d401k","oppositeFieldCode":"\u624b\u7d9a\u304d401k"},{"fieldCode":"DB\u57fa\u91d1\u52a0\u5165\u306e\u6709\u7121","oppositeFieldCode":"DB\u57fa\u91d1\u52a0\u5165\u306e\u6709\u7121"},{"fieldCode":"\u52a0\u5165401k","oppositeFieldCode":"\u52a0\u5165401k"},{"fieldCode":"\u55aa\u5931401k","oppositeFieldCode":"\u55aa\u5931401k"},{"fieldCode":"\u639b\u91d1\u5909\u66f4401k","oppositeFieldCode":"\u639b\u91d1\u5909\u66f4401k"},{"fieldCode":"\u80b2\u4f11\u4f11\u8077401k","oppositeFieldCode":"\u80b2\u4f11\u4f11\u8077401k"},{"fieldCode":"\u5fa9\u8077401k","oppositeFieldCode":"\u5fa9\u8077401k"},{"fieldCode":"\u4f4f\u6240\u5909\u66f4401k","oppositeFieldCode":"\u4f4f\u6240\u5909\u66f4401k"},{"fieldCode":"\u6c0f\u540d\u5909\u66f4401k","oppositeFieldCode":"\u6c0f\u540d\u5909\u66f4401k"},{"fieldCode":"\u62c5\u5f53\u8005\u30e1\u30fc\u30eb\u30a2\u30c9\u30ec\u30b9","oppositeFieldCode":"\u62c5\u5f53\u8005\u30e1\u30fc\u30eb\u30a2\u30c9\u30ec\u30b9"},{"fieldCode":"\u793e\u54e1No","oppositeFieldCode":"\u793e\u54e1No0"},{"fieldCode":"\u30b9\u30c6\u30fc\u30bf\u30b95","oppositeFieldCode":"\u624b\u7d9a\u304d401k"}]},"errorNotificationBridge":null,"adminNotificationBridge":null,"autoReplyBridge":null,"calcBridge":null,"replaceBridge":null,"concatBridge":null,"autoIncrementBridge":null,"kmailerBridge":null},{"name":"","description":null,"sort":2,"type":"AutoReplyBridge","ift":{"sign":"","type":"all","field":"","value":"cn"},"kintoneBridge":null,"errorNotificationBridge":null,"adminNotificationBridge":null,"autoReplyBridge":{"subject":"401k\u30d5\u30a9\u30fc\u30e0\u30d6\u30ea\u30c3\u30b8\u3078\u306e\u56de\u7b54\u3042\u308a\u304c\u3068\u3046\u3054\u3056\u3044\u307e\u3059","contentType":"text\/plain","contents":"\u2500\u2500\u2500\u2500\u2500\u2500\u2500\u2500\u2500\u2500\u2500\u2500\u2500\u2500\u2500\u2500\u2500\u2500\u2500\u2500\u2500\u2500\u2500\u2500\u2500\u2500\u2500\u2500\u2500\n \u3053\u306e\u30e1\u30c3\u30bb\u30fc\u30b8\u306f\u3001\u30b7\u30b9\u30c6\u30e0\u3088\u308a\u81ea\u52d5\u9001\u4fe1\u3055\u308c\u3066\u3044\u307e\u3059\u3002\n \u8fd4\u4fe1\u306f\u53d7\u4ed8\u3051\u3066\u304a\u308a\u307e\u305b\u3093\u3002\n\u2500\u2500\u2500\u2500\u2500\u2500\u2500\u2500\u2500\u2500\u2500\u2500\u2500\u2500\u2500\u2500\u2500\u2500\u2500\u2500\u2500\u2500\u2500\u2500\u2500\u2500\u2500\u2500\u2500\n\u4eba\u4e8b\u62c5\u5f53\u8005\u69d8\n\n\u3053\u306e\u5ea6\u306f\u3001{{ __title__ }}\u306b\u3054\u56de\u7b54\u3044\u305f\u3060\u304d\u3001\u8aa0\u306b\u3042\u308a\u304c\u3068\u3046\u3054\u3056\u3044\u307e\u3059\u3002\n\n\u3054\u8cea\u554f\u7b49\u3054\u3056\u3044\u307e\u3057\u305f\u3089\u3001\u4e0b\u8a18\u307e\u3067\u304a\u6c17\u8efd\u306b\u304a\u554f\u3044\u5408\u308f\u305b\u304f\u3060\u3055\u3044\u3002\n\n\u203b\u672c\u30e1\u30fc\u30eb\u306b\u304a\u5fc3\u5f53\u308a\u306e\u306a\u3044\u5834\u5408\u306f\u3001\u304a\u624b\u6570\u3067\u3059\u304c\u4e0b\u8a18\u30e1\u30fc\u30eb\u5b9b\u306b\n\u8fd4\u4fe1\u3044\u305f\u3060\u3051\u307e\u3059\u3088\u3046\u304a\u9858\u3044\u7533\u3057\u4e0a\u3052\u307e\u3059\u3002\nitt@nkr-group.com\n\n\u4eca\u5f8c\u3068\u3082\u3001\u793e\u4f1a\u4fdd\u967a\u52b4\u52d9\u58eb\u6cd5\u4eba\u3000\u65e5\u672c\u7d4c\u55b6\u52b4\u52d9\u3092\u5b9c\u3057\u304f\u304a\u9858\u3044\u7533\u3057\u4e0a\u3052\u307e\u3059\u3002\n\n","senderName":"\u65e5\u672c\u7d4c\u55b6\u52b4\u52d9IT\u30c1\u30fc\u30e0","isFixedReceiver":false,"receiver":"\u62c5\u5f53\u8005\u30e1\u30fc\u30eb\u30a2\u30c9\u30ec\u30b9","receiverName":"\u59d3","shouldNotifyBounce":false,"delayInterval":0},"calcBridge":null,"replaceBridge":null,"concatBridge":null,"autoIncrementBridge":null,"kmailerBridge":null},{"name":"","description":"\u81ea\u52d5\u8fd4\u4fe1\u30e1\u30fc\u30eb \uff08\u65e7\uff1a\u540d\u524d\uff09\nNKR\u62c5\u5f53\u8005\u5b9b \uff08\u65e7\uff1a\u8aac\u660e\uff09","sort":3,"type":"AutoReplyBridge","ift":{"sign":"","type":"all","field":"","value":""},"kintoneBridge":null,"errorNotificationBridge":null,"adminNotificationBridge":null,"autoReplyBridge":{"subject":"\u30de\u30a4\u30da\u30fc\u30b8\u3088\u308a401k\u306e\u624b\u7d9a\u304d\u7533\u8acb\u306e\u56de\u7b54\u304c\u3042\u308a\u307e\u3057\u305f","contentType":"text\/plain","contents":"\u2500\u2500\u2500\u2500\u2500\u2500\u2500\u2500\u2500\u2500\u2500\u2500\u2500\u2500\u2500\u2500\u2500\u2500\u2500\u2500\u2500\u2500\u2500\u2500\u2500\u2500\u2500\u2500\u2500\n \u3053\u306e\u30e1\u30c3\u30bb\u30fc\u30b8\u306f\u3001\u30b7\u30b9\u30c6\u30e0\u3088\u308a\u81ea\u52d5\u9001\u4fe1\u3055\u308c\u3066\u3044\u307e\u3059\u3002\n \u8fd4\u4fe1\u306f\u53d7\u4ed8\u3051\u3066\u304a\u308a\u307e\u305b\u3093\u3002\n\u2500\u2500\u2500\u2500\u2500\u2500\u2500\u2500\u2500\u2500\u2500\u2500\u2500\u2500\u2500\u2500\u2500\u2500\u2500\u2500\u2500\u2500\u2500\u2500\u2500\u2500\u2500\u2500\u2500\nNKR\u62c5\u5f53\u8005\u69d8\n\n401k\u9001\u4fe1\u30d5\u30a9\u30fc\u30e0\u3088\u308a\u56de\u7b54\u304c\u3042\u308a\u307e\u3057\u305f\u3002\n\u4ee5\u4e0b\u306eURL\u3088\u308a\u3001\u56de\u7b54\u60c5\u5831\u3092\u3054\u78ba\u8a8d\u306e\u4e0a\u3001\u624b\u7d9a\u304d\u3092\u304a\u9858\u3044\u3044\u305f\u3057\u307e\u3059\u3002\n\n{{__kintoneBridgeRecordUrl__2}}\n\u624b\u7d9a\u304d\u540d \u65b0\u898f\u52a0\u5165\n\u4f1a\u793e\u540d {{\u6240\u5c5e\u4f01\u696d\u540d}}\n\u4eba\u4e8b\u62c5\u5f53\u8005  {{\u62c5\u5f53\u8005\u540d}}\u69d8\n\u30e1\u30fc\u30eb\u30a2\u30c9\u30ec\u30b9 {{\u62c5\u5f53\u8005\u30e1\u30fc\u30eb\u30a2\u30c9\u30ec\u30b9}}\n\u5f93\u696d\u54e1\u540d {{\u59d3}} {{\u540d}}\u69d8\n\u9001\u4fe1\u65e5\u6642 {{__posted_at__}}","senderName":"\u65e5\u672c\u7d4c\u55b6\u52b4\u52d9IT\u30c1\u30fc\u30e0","isFixedReceiver":false,"receiver":"NKR\u30e1\u30fc\u30eb\u30a2\u30c9\u30ec\u30b9","receiverName":"","shouldNotifyBounce":false,"delayInterval":0},"calcBridge":null,"replaceBridge":null,"concatBridge":null,"autoIncrementBridge":null,"kmailerBridge":null},{"name":"","description":"\u81ea\u52d5\u8fd4\u4fe1\u30e1\u30fc\u30eb \uff08\u65e7\uff1a\u540d\u524d\uff09\nNKR\u7b39\u4e95\u5b9b \uff08\u65e7\uff1a\u8aac\u660e\uff09","sort":4,"type":"AutoReplyBridge","ift":{"sign":"","type":"locale","field":"","value":"cn"},"kintoneBridge":null,"errorNotificationBridge":null,"adminNotificationBridge":null,"autoReplyBridge":{"subject":"\u30de\u30a4\u30da\u30fc\u30b8\u3088\u308a401k\u306e\u624b\u7d9a\u304d\u7533\u8acb\u306e\u56de\u7b54\u304c\u3042\u308a\u307e\u3057\u305f","contentType":"text\/plain","contents":"\u2500\u2500\u2500\u2500\u2500\u2500\u2500\u2500\u2500\u2500\u2500\u2500\u2500\u2500\u2500\u2500\u2500\u2500\u2500\u2500\u2500\u2500\u2500\u2500\u2500\u2500\u2500\u2500\u2500\n \u3053\u306e\u30e1\u30c3\u30bb\u30fc\u30b8\u306f\u3001\u30b7\u30b9\u30c6\u30e0\u3088\u308a\u81ea\u52d5\u9001\u4fe1\u3055\u308c\u3066\u3044\u307e\u3059\u3002\n \u8fd4\u4fe1\u306f\u53d7\u4ed8\u3051\u3066\u304a\u308a\u307e\u305b\u3093\u3002\n\u2500\u2500\u2500\u2500\u2500\u2500\u2500\u2500\u2500\u2500\u2500\u2500\u2500\u2500\u2500\u2500\u2500\u2500\u2500\u2500\u2500\u2500\u2500\u2500\u2500\u2500\u2500\u2500\u2500\nNKR\u62c5\u5f53\u8005\u69d8\n\n401k\u9001\u4fe1\u30d5\u30a9\u30fc\u30e0\u3088\u308a\u56de\u7b54\u304c\u3042\u308a\u307e\u3057\u305f\u3002\n\u4ee5\u4e0b\u306eURL\u3088\u308a\u3001\u56de\u7b54\u60c5\u5831\u3092\u3054\u78ba\u8a8d\u306e\u4e0a\u3001\u624b\u7d9a\u304d\u3092\u304a\u9858\u3044\u3044\u305f\u3057\u307e\u3059\u3002\n\n{{__kintoneBridgeRecordUrl__1}}\n\u624b\u7d9a\u304d\u540d \u65b0\u898f\u52a0\u5165\n\u4f1a\u793e\u540d {{\u6240\u5c5e\u4f01\u696d\u540d}}\n\u4eba\u4e8b\u62c5\u5f53\u8005  {{\u62c5\u5f53\u8005\u540d}}\u69d8\n\u30e1\u30fc\u30eb\u30a2\u30c9\u30ec\u30b9 {{\u62c5\u5f53\u8005\u30e1\u30fc\u30eb\u30a2\u30c9\u30ec\u30b9}}\n\u5f93\u696d\u54e1\u540d {{\u59d3}} {{\u540d}}\u69d8\n\u9001\u4fe1\u65e5\u6642 {{__posted_at__}}","senderName":"\u65e5\u672c\u7d4c\u55b6\u52b4\u52d9IT\u30c1\u30fc\u30e0","isFixedReceiver":false,"receiver":"NKR\u30e1\u30fc\u30eb\u30a2\u30c9\u30ec\u30b9","receiverName":"NKR\u7b39\u4e95\u30e1\u30fc\u30eb\u30a2\u30c9\u30ec\u30b9","shouldNotifyBounce":false,"delayInterval":0},"calcBridge":null,"replaceBridge":null,"concatBridge":null,"autoIncrementBridge":null,"kmailerBridge":null},{"name":"","description":"\u81ea\u52d5\u8fd4\u4fe1\u30e1\u30fc\u30eb \uff08\u65e7\uff1a\u540d\u524d\uff09\nNKR\u85e4\u4e95\u5b9b \uff08\u65e7\uff1a\u8aac\u660e\uff09","sort":5,"type":"AutoReplyBridge","ift":{"sign":"","type":"locale","field":"","value":"cn"},"kintoneBridge":null,"errorNotificationBridge":null,"adminNotificationBridge":null,"autoReplyBridge":{"subject":"\u30de\u30a4\u30da\u30fc\u30b8\u3088\u308a401k\u306e\u624b\u7d9a\u304d\u7533\u8acb\u306e\u56de\u7b54\u304c\u3042\u308a\u307e\u3057\u305f","contentType":"text\/plain","contents":"\u2500\u2500\u2500\u2500\u2500\u2500\u2500\u2500\u2500\u2500\u2500\u2500\u2500\u2500\u2500\u2500\u2500\u2500\u2500\u2500\u2500\u2500\u2500\u2500\u2500\u2500\u2500\u2500\u2500\n \u3053\u306e\u30e1\u30c3\u30bb\u30fc\u30b8\u306f\u3001\u30b7\u30b9\u30c6\u30e0\u3088\u308a\u81ea\u52d5\u9001\u4fe1\u3055\u308c\u3066\u3044\u307e\u3059\u3002\n \u8fd4\u4fe1\u306f\u53d7\u4ed8\u3051\u3066\u304a\u308a\u307e\u305b\u3093\u3002\n\u2500\u2500\u2500\u2500\u2500\u2500\u2500\u2500\u2500\u2500\u2500\u2500\u2500\u2500\u2500\u2500\u2500\u2500\u2500\u2500\u2500\u2500\u2500\u2500\u2500\u2500\u2500\u2500\u2500\nNKR\u62c5\u5f53\u8005\u69d8\n\n401k\u9001\u4fe1\u30d5\u30a9\u30fc\u30e0\u3088\u308a\u56de\u7b54\u304c\u3042\u308a\u307e\u3057\u305f\u3002\n\u4ee5\u4e0b\u306eURL\u3088\u308a\u3001\u56de\u7b54\u60c5\u5831\u3092\u3054\u78ba\u8a8d\u306e\u4e0a\u3001\u624b\u7d9a\u304d\u3092\u304a\u9858\u3044\u3044\u305f\u3057\u307e\u3059\u3002\n\n{{__kintoneBridgeRecordUrl__1}}\n\u624b\u7d9a\u304d\u540d \u65b0\u898f\u52a0\u5165\n\u4f1a\u793e\u540d {{\u6240\u5c5e\u4f01\u696d\u540d}}\n\u4eba\u4e8b\u62c5\u5f53\u8005  {{\u62c5\u5f53\u8005\u540d}}\u69d8\n\u30e1\u30fc\u30eb\u30a2\u30c9\u30ec\u30b9 {{\u62c5\u5f53\u8005\u30e1\u30fc\u30eb\u30a2\u30c9\u30ec\u30b9}}\n\u5f93\u696d\u54e1\u540d {{\u59d3}} {{\u540d}}\u69d8\n\u9001\u4fe1\u65e5\u6642 {{__posted_at__}}","senderName":"\u65e5\u672c\u7d4c\u55b6\u52b4\u52d9IT\u30c1\u30fc\u30e0","isFixedReceiver":false,"receiver":"NKR\u30e1\u30fc\u30eb\u30a2\u30c9\u30ec\u30b9","receiverName":"NKR\u85e4\u4e95\u30e1\u30fc\u30eb\u30a2\u30c9\u30ec\u30b9","shouldNotifyBounce":false,"delayInterval":0},"calcBridge":null,"replaceBridge":null,"concatBridge":null,"autoIncrementBridge":null,"kmailerBridge":null},{"name":"","description":null,"sort":6,"type":"ErrorNotificationBridge","ift":{"sign":"","type":"error","field":"","value":""},"kintoneBridge":null,"errorNotificationBridge":{"subject":"401k\u624b\u7d9a\u304d\u30d5\u30a9\u30fc\u30e0\u3078\u306e\u56de\u7b54\u3067\u30a8\u30e9\u30fc\u304c\u767a\u751f\u3057\u307e\u3057\u305f","contentType":"text\/plain","contents":"\u2500\u2500\u2500\u2500\u2500\u2500\u2500\u2500\u2500\u2500\u2500\u2500\u2500\u2500\u2500\u2500\u2500\u2500\u2500\u2500\u2500\u2500\u2500\u2500\u2500\u2500\u2500\u2500\u2500\n \u3053\u306e\u30e1\u30c3\u30bb\u30fc\u30b8\u306f\u3001\u30b7\u30b9\u30c6\u30e0\u3088\u308a\u81ea\u52d5\u9001\u4fe1\u3055\u308c\u3066\u3044\u307e\u3059\u3002\n \u8fd4\u4fe1\u306f\u53d7\u4ed8\u3051\u3066\u304a\u308a\u307e\u305b\u3093\u3002\n\u2500\u2500\u2500\u2500\u2500\u2500\u2500\u2500\u2500\u2500\u2500\u2500\u2500\u2500\u2500\u2500\u2500\u2500\u2500\u2500\u2500\u2500\u2500\u2500\u2500\u2500\u2500\u2500\u2500\n\n\u3044\u3064\u3082\u3001\u30c8\u30e8\u30af\u30e2\u3000\u30d5\u30a9\u30fc\u30e0\u30d6\u30ea\u30c3\u30b8\u3092\n\u3054\u5229\u7528\u3044\u305f\u3060\u304d\u3001\u8aa0\u306b\u3042\u308a\u304c\u3068\u3046\u3054\u3056\u3044\u307e\u3059\u3002\n\n{{__posted_at__|trans}}\u306b\u30ec\u30f3\u30b7\u30e5\u30a6\u793e_401k\u30a2\u30d7\u30ea(\u672a\u52a0\u5165\u8005\u5c02\u7528\u30fb\u30c7\u30fc\u30bf\u5206\u96e2\u7248)\u306e\u56de\u7b54\u4fdd\u5b58\u30d7\u30ed\u30bb\u30b9\u3067\u30a8\u30e9\u30fc\u304c\u767a\u751f\u3057\u307e\u3057\u305f\u3002\n\n\u25a0\u2501\u2501\u2501\u2501\u2501\u2501\u2501\u2501\u2501\u2501\u2501\u2501\u2501\u2501\u2501\u2501\u2501\u25a0\n{{__errorMessage__|trans}}\n\u25a0\u2501\u2501\u2501\u2501\u2501\u2501\u2501\u2501\u2501\u2501\u2501\u2501\u2501\u2501\u2501\u2501\u2501\u25a0\n\n\u8a73\u7d30\u306f\u6b21\u306eURL\u304b\u3089\u3054\u78ba\u8a8d\u304f\u3060\u3055\u3044\uff08\u5c65\u6b74\u306f1\u9031\u9593\u4fdd\u5b58\u3055\u308c\u307e\u3059\uff09\u3002\n{{__errorPostUrl__}}\n\n\u203b\u672c\u30e1\u30fc\u30eb\u306b\u304a\u5fc3\u5f53\u308a\u306e\u306a\u3044\u5834\u5408\u306f\u3001\u304a\u624b\u6570\u3067\u3059\u304c\u4e0b\u8a18\u30e1\u30fc\u30eb\u5b9b\u306b\u8fd4\u4fe1\u3044\u305f\u3060\u3051\u307e\u3059\u3088\u3046\u304a\u9858\u3044\u7533\u3057\u4e0a\u3052\u307e\u3059\u3002\nrobo-pat@nkr-group.com\n\n\u4eca\u5f8c\u3068\u3082\u3001\u30d5\u30a9\u30fc\u30e0\u30d6\u30ea\u30c3\u30b8\u3092\u3088\u308d\u3057\u304f\u304a\u9858\u3044\u7533\u3057\u4e0a\u3052\u307e\u3059\u3002\n\n----\n\u30c8\u30e8\u30af\u30e2\u682a\u5f0f\u4f1a\u793e\n050-3816-6666\ntoyokumo@toyokumo.co.jp\n","senderName":"\u65e5\u672c\u7d4c\u55b6\u52b4\u52d9IT\u30c1\u30fc\u30e0","isFixedReceiver":true,"receiver":"r-banba@nkr-group.com","receiverName":"\u65e5\u672c\u7d4c\u55b6\u52b4\u52d9IT\u30c1\u30fc\u30e0"},"adminNotificationBridge":null,"autoReplyBridge":null,"calcBridge":null,"replaceBridge":null,"concatBridge":null,"autoIncrementBridge":null,"kmailerBridge":null}],"customizeFileAttribute":{"fileAttributes":{"https:\/\/js.cybozu.com\/momentjs\/2.29.2\/moment.min.js":{"addedAt":"2024-03-30T11:45:37+09:00"},"https:\/\/js.cybozu.com\/momentjs\/2.29.2\/moment-with-locales.min.js":{"addedAt":"2024-03-30T11:45:46+09:00"},"https:\/\/form-bridge-prod.s3.ap-northeast-1.amazonaws.com\/upload\/660b6ce3e90924.674998304083\/adddate.js":{"addedAt":"2024-04-02T11:26:44+09:00"},"https:\/\/form-bridge-prod.s3.ap-northeast-1.amazonaws.com\/upload\/6610bd9e32cb80.185234354083\/other_adddate.js":{"addedAt":"2024-04-06T12:12:30+09:00"},"https:\/\/form-bridge-prod.s3.ap-northeast-1.amazonaws.com\/upload\/660b6cdf4c3f66.038795774083\/background_nonmember.js":{"addedAt":"2024-04-02T11:26:39+09:00"},"https:\/\/form-bridge-prod.s3.ap-northeast-1.amazonaws.com\/upload\/6635dfb79e36c2.369244224083\/AttributeControl401k.js":{"addedAt":"2024-05-18T15:09:26+09:00"},"https:\/\/form-bridge-prod.s3.ap-northeast-1.amazonaws.com\/upload\/65ec138047e694.879442834083\/401k_add_tablecreater_ver4C.js":{"addedAt":"2024-03-09T16:45:04+09:00"}},"errorFileAttributes":[]}}