{"title":"401k\u55aa\u5931\u624b\u7d9a\u30d5\u30a9\u30fc\u30e0","description":null,"limitedMode":false,"maxPostCount":0,"isUseConfirm":true,"isFinishHtml":true,"finishMessage":"\u3054\u56de\u7b54\u3042\u308a\u304c\u3068\u3046\u3054\u3056\u3044\u307e\u3059\uff01","finishHTML":"<center>\n<p><b>OK\u3092\u62bc\u3059\u3068\u30da\u30fc\u30b8\u3092\u9589\u3058\u307e\u3059<\/b><br \/><\/p>\n<Form><Input type=\"button\" value=\"OK\" onClick=\"javascript:window.close();\"><\/Form>\n<\/center>","isUseErrorHtml":false,"errorHTML":"","isUseErrorBackUrl":false,"errorBackUrl":"","isStepForm":false,"stepSize":3,"steps":[],"isBranchForm":false,"branches":[],"isTranslate":false,"dictionary":[],"isHeaderShown":true,"isFooterShown":true,"isUseLogo":false,"logo":null,"isUseFavicon":false,"favicon":null,"headerColor":"#1b1c1d","footerColor":"#1b1c1d","contentColor":"#e9efff","isUseStyle":true,"styleUrls":[],"isUseJavaScript":true,"javaScriptUrls":["https:\/\/js.cybozu.com\/momentjs\/2.29.2\/moment.min.js","https:\/\/js.cybozu.com\/momentjs\/2.29.2\/moment-with-locales.min.js","https:\/\/form-bridge-prod.s3.ap-northeast-1.amazonaws.com\/upload\/662c7e30b7b958.785498244083\/401k_add_tablecreater_ver4lost.js"],"isUseErrorStyle":true,"errorStyleUrls":[],"isUseErrorJavaScript":true,"errorJavaScriptUrls":[],"isUseExternalResource":false,"externalResources":[],"isShowPoweredBy":true,"isUsePublicTerm":false,"publicStartedAt":null,"publicFinishedAt":null,"isUseIpLimit":false,"ips":[],"autoRetry":true,"temporarySave":false,"hideCopyright":false,"isUseRecaptcha":true,"isUseMailAuthentication":false,"fields":[{"type":"RADIO_BUTTON","code":"\u30b9\u30c6\u30fc\u30bf\u30b95","label":"\u4f9d\u983c\u3059\u308b\u624b\u7d9a\u304d\u3092\u9078\u629e\u3057\u3066\u304f\u3060\u3055\u3044","rowCount":2,"columnCount":0,"noLabel":true,"hide":true,"required":true,"editable":true,"maxValue":null,"minValue":null,"maxLength":0,"minLength":0,"defaultValue":"\u55aa\u5931","options":["\u55aa\u5931"],"optionOrder":"horizontal","expression":null,"protocol":"","isUseLookup":false,"lookup":{"view":[],"labelFields":[],"fieldMappings":[]},"isMobileStyle":false,"style":{"width":"300px"},"spStyle":[],"attributes":[],"validations":[{"rule":"required","params":[]}],"help":"","step":5,"fields":[]},{"type":"SINGLE_LINE_TEXT","code":"\u793e\u54e1No0","label":"\u793e\u54e1No","rowCount":3,"columnCount":0,"noLabel":false,"hide":false,"required":true,"editable":false,"maxValue":null,"minValue":null,"maxLength":0,"minLength":0,"defaultValue":"","options":[],"optionOrder":"horizontal","expression":null,"protocol":null,"isUseLookup":false,"lookup":{"view":[],"labelFields":[],"fieldMappings":[]},"isMobileStyle":false,"style":{"width":"300px"},"spStyle":[],"attributes":{"type":"text"},"validations":[{"rule":"required","params":[]}],"help":"","step":5,"fields":[]},{"type":"LABEL","code":"label_1_1_1","label":"<p>\u53f3\u306e\u30ea\u30f3\u30af\u304b\u3089\u5fc5\u8981\u66f8\u985e\u3092\u5370\u5237\u3057\u30011\u679a\u76ee\u306f\u9000\u8077\u524d\u306b\u7f72\u540d\u3092\u3082\u3089\u3044\u4f1a\u793e\u4fdd\u7ba1\u30012\u679a\u76ee\u306f\u672c\u4eba\u306b\u6e21\u3057\u3066\u304f\u3060\u3055\u3044\u3002<\/p><p><a href=\"https:\/\/nkr-group.app.box.com\/s\/bshihd7lu0jihflrw3f1p8bemrorktlq\" rel=\"noopener noreferrer\" target=\"_blank\">\u5fc5\u8981\u66f8\u985e\u306f\u3053\u3061\u3089<\/a><\/p>","rowCount":4,"columnCount":0,"noLabel":false,"hide":false,"required":false,"editable":true,"maxValue":null,"minValue":null,"maxLength":0,"minLength":0,"defaultValue":"","options":[],"optionOrder":"horizontal","expression":null,"protocol":"","isUseLookup":false,"lookup":{"view":[],"labelFields":[],"fieldMappings":[]},"isMobileStyle":false,"style":{"width":"757.6000671386719px"},"spStyle":[],"attributes":[],"validations":[],"help":"","step":5,"fields":[]},{"type":"DROP_DOWN","code":"\u9000\u8077\u7406\u7531","label":"\u55aa\u5931\u7406\u7531","rowCount":5,"columnCount":0,"noLabel":false,"hide":false,"required":false,"editable":true,"maxValue":null,"minValue":null,"maxLength":0,"minLength":0,"defaultValue":"","options":["\u81ea\u5df1\u90fd\u5408","\u4f1a\u793e\u90fd\u5408","\u61f2\u6212\u89e3\u96c7","\u5b9a\u5e74\u9000\u8077(\u518d\u96c7\u7528\u6709)","\u5b9a\u5e74\u9000\u8077(\u518d\u96c7\u7528\u7121)","\u6b7b\u4ea1","\u55aa\u5931\u5e74\u9f62\u5230\u9054","\u539a\u751f\u5e74\u91d1\u306e\u55aa\u5931","\u305d\u306e\u4ed6(\u5099\u8003\u306b\u8a73\u7d30\u3092\u304a\u66f8\u304d\u304f\u3060\u3055\u3044)"],"optionOrder":"horizontal","expression":null,"protocol":"","isUseLookup":false,"lookup":{"view":[],"labelFields":[],"fieldMappings":[]},"isMobileStyle":false,"style":{"width":"300px"},"spStyle":[],"attributes":[],"validations":[],"help":"","step":5,"fields":[]},{"type":"DATE","code":"\u8cc7\u683c\u55aa\u5931\u5e74\u9f62\u5230\u9054\u4e88\u5b9a\u65e5","label":"\u9000\u8077\u65e5\u307e\u305f\u306f\u55aa\u5931\u65e5","rowCount":6,"columnCount":0,"noLabel":false,"hide":false,"required":false,"editable":true,"maxValue":null,"minValue":null,"maxLength":0,"minLength":0,"defaultValue":"","options":[],"optionOrder":"horizontal","expression":null,"protocol":"","isUseLookup":false,"lookup":{"view":[],"labelFields":[],"fieldMappings":[]},"isMobileStyle":false,"style":{"width":"300px"},"spStyle":[],"attributes":[],"validations":[],"help":"","step":5,"fields":[]},{"type":"MULTI_LINE_TEXT","code":"\u5099\u8003\u55aa\u5931","label":"\u5099\u8003","rowCount":7,"columnCount":0,"noLabel":false,"hide":false,"required":false,"editable":true,"maxValue":null,"minValue":null,"maxLength":0,"minLength":0,"defaultValue":"","options":[],"optionOrder":"horizontal","expression":null,"protocol":"","isUseLookup":false,"lookup":{"view":[],"labelFields":[],"fieldMappings":[]},"isMobileStyle":false,"style":{"width":"635.2000427246094px"},"spStyle":[],"attributes":{"rows":"5"},"validations":[],"help":"","step":5,"fields":[]},{"type":"SINGLE_LINE_TEXT","code":"NKR\u30e1\u30fc\u30eb\u30a2\u30c9\u30ec\u30b9","label":"NKR\u30e1\u30fc\u30eb\u30a2\u30c9\u30ec\u30b9","rowCount":8,"columnCount":0,"noLabel":false,"hide":true,"required":false,"editable":false,"maxValue":null,"minValue":null,"maxLength":0,"minLength":0,"defaultValue":"","options":[],"optionOrder":"horizontal","expression":null,"protocol":"MAIL","isUseLookup":false,"lookup":{"view":[],"labelFields":[],"fieldMappings":[]},"isMobileStyle":false,"style":{"width":"300px"},"spStyle":[],"attributes":{"type":"email"},"validations":[{"rule":"email","params":[]}],"help":"","step":5,"fields":[]},{"type":"SINGLE_LINE_TEXT","code":"\u62c5\u5f53\u8005\u30e1\u30fc\u30eb\u30a2\u30c9\u30ec\u30b9","label":"\u62c5\u5f53\u8005\u30e1\u30fc\u30eb\u30a2\u30c9\u30ec\u30b9","rowCount":8,"columnCount":1,"noLabel":false,"hide":true,"required":false,"editable":false,"maxValue":null,"minValue":null,"maxLength":0,"minLength":0,"defaultValue":"","options":[],"optionOrder":"horizontal","expression":null,"protocol":"MAIL","isUseLookup":false,"lookup":{"view":[],"labelFields":[],"fieldMappings":[]},"isMobileStyle":false,"style":{"width":"300px"},"spStyle":[],"attributes":{"type":"email"},"validations":[{"rule":"email","params":[]}],"help":"","step":5,"fields":[]},{"type":"SINGLE_LINE_TEXT","code":"NKR\u85e4\u4e95\u30e1\u30fc\u30eb\u30a2\u30c9\u30ec\u30b9","label":"NKR\u85e4\u4e95\u30e1\u30fc\u30eb\u30a2\u30c9\u30ec\u30b9","rowCount":9,"columnCount":0,"noLabel":true,"hide":true,"required":false,"editable":false,"maxValue":null,"minValue":null,"maxLength":0,"minLength":0,"defaultValue":"k-fujii@nkr-group.com","options":[],"optionOrder":"horizontal","expression":null,"protocol":"MAIL","isUseLookup":false,"lookup":{"view":[],"labelFields":[],"fieldMappings":[]},"isMobileStyle":false,"style":{"width":"300px"},"spStyle":[],"attributes":{"type":"email"},"validations":[{"rule":"email","params":[]}],"help":"","step":5,"fields":[]},{"type":"SINGLE_LINE_TEXT","code":"NKR\u7b39\u4e95\u30e1\u30fc\u30eb\u30a2\u30c9\u30ec\u30b9","label":"NKR\u7b39\u4e95\u30e1\u30fc\u30eb\u30a2\u30c9\u30ec\u30b9","rowCount":9,"columnCount":1,"noLabel":true,"hide":true,"required":false,"editable":false,"maxValue":null,"minValue":null,"maxLength":0,"minLength":0,"defaultValue":"k-sasai@nkr-group.com","options":[],"optionOrder":"horizontal","expression":null,"protocol":"MAIL","isUseLookup":false,"lookup":{"view":[],"labelFields":[],"fieldMappings":[]},"isMobileStyle":false,"style":{"width":"300px"},"spStyle":[],"attributes":{"type":"email"},"validations":[{"rule":"email","params":[]}],"help":"","step":5,"fields":[]},{"type":"SUBTABLE","code":"\u55aa\u5931401k","label":"\u55aa\u5931\u21d2\u9867\u554f\u5148\u4ee5\u5916\u306f\u624b\u52d5\u306b\u3066\u9000\u8077\u9023\u7d61\u306e\u9000\u8077\u5e74\u6708\u65e5\u3092\u5165\u308c\u308b\u3053\u3068","rowCount":10,"columnCount":0,"noLabel":true,"hide":true,"required":false,"editable":true,"maxValue":null,"minValue":null,"maxLength":null,"minLength":null,"defaultValue":"","options":[],"optionOrder":"horizontal","expression":null,"protocol":null,"isUseLookup":false,"lookup":{"view":[],"labelFields":[],"fieldMappings":[]},"isMobileStyle":false,"style":[],"spStyle":[],"attributes":[],"validations":[],"help":"","step":5,"fields":[{"type":"SINGLE_LINE_TEXT","code":"\u9023\u7d61\u65e5\u6642\u55aa\u5931","label":"\u9023\u7d61\u65e5\u6642","rowCount":7,"columnCount":0,"noLabel":false,"hide":false,"required":false,"editable":true,"maxValue":null,"minValue":null,"maxLength":0,"minLength":0,"defaultValue":"","options":[],"optionOrder":"horizontal","expression":null,"protocol":null,"isUseLookup":false,"lookup":{"view":[],"labelFields":[],"fieldMappings":[]},"isMobileStyle":false,"style":{"width":"300px"},"spStyle":[],"attributes":{"type":"text"},"validations":[],"help":"","step":5},{"type":"SINGLE_LINE_TEXT","code":"\u9000\u8077\u7406\u7531\u55aa\u5931","label":"\u55aa\u5931\u7406\u7531","rowCount":7,"columnCount":1,"noLabel":false,"hide":false,"required":false,"editable":true,"maxValue":null,"minValue":null,"maxLength":0,"minLength":0,"defaultValue":"","options":[],"optionOrder":"horizontal","expression":null,"protocol":null,"isUseLookup":false,"lookup":{"view":[],"labelFields":[],"fieldMappings":[]},"isMobileStyle":false,"style":{"width":"300px"},"spStyle":[],"attributes":{"type":"text"},"validations":[],"help":"","step":5},{"type":"DATE","code":"\u8cc7\u683c\u55aa\u5931\u65e5\u55aa\u5931","label":"\u8cc7\u683c\u55aa\u5931\u65e5","rowCount":7,"columnCount":2,"noLabel":false,"hide":false,"required":false,"editable":true,"maxValue":null,"minValue":null,"maxLength":0,"minLength":0,"defaultValue":"","options":[],"optionOrder":"horizontal","expression":null,"protocol":null,"isUseLookup":false,"lookup":{"view":[],"labelFields":[],"fieldMappings":[]},"isMobileStyle":false,"style":{"width":"300px"},"spStyle":[],"attributes":[],"validations":[],"help":"","step":5},{"type":"FILE","code":"\u63d0\u51fa\u66f8\u985e\u55aa\u5931","label":"\u55aa\u5931\u6642\u63d0\u51fa\u66f8\u985e","rowCount":7,"columnCount":3,"noLabel":false,"hide":false,"required":false,"editable":true,"maxValue":null,"minValue":null,"maxLength":0,"minLength":0,"defaultValue":"","options":[],"optionOrder":"horizontal","expression":null,"protocol":null,"isUseLookup":false,"lookup":{"view":[],"labelFields":[],"fieldMappings":[]},"isMobileStyle":false,"style":{"width":"300px"},"spStyle":[],"attributes":[],"validations":[{"rule":"ext","params":[]}],"help":"","step":5},{"type":"MULTI_LINE_TEXT","code":"\u5099\u8003\u55aa\u5931","label":"\u5099\u8003\u55aa\u5931","rowCount":7,"columnCount":4,"noLabel":false,"hide":false,"required":false,"editable":true,"maxValue":null,"minValue":null,"maxLength":0,"minLength":0,"defaultValue":"","options":[],"optionOrder":"horizontal","expression":null,"protocol":null,"isUseLookup":false,"lookup":{"view":[],"labelFields":[],"fieldMappings":[]},"isMobileStyle":false,"style":{"width":"300px"},"spStyle":[],"attributes":{"rows":"5"},"validations":[],"help":"","step":5},{"type":"DROP_DOWN","code":"\u624b\u7d9a\u304d\u55aa\u5931","label":"\u624b\u7d9a\u304d\u72b6\u6cc1","rowCount":7,"columnCount":5,"noLabel":false,"hide":false,"required":false,"editable":true,"maxValue":null,"minValue":null,"maxLength":0,"minLength":0,"defaultValue":"","options":["\u624b\u7d9a\u304d\u4e2d","\u624b\u7d9a\u304d\u6e08\u307f"],"optionOrder":"horizontal","expression":null,"protocol":null,"isUseLookup":false,"lookup":{"view":[],"labelFields":[],"fieldMappings":[]},"isMobileStyle":false,"style":{"width":"300px"},"spStyle":[],"attributes":[],"validations":[],"help":"","step":5}]}],"bridges":[{"name":"","description":null,"sort":1,"type":"KintoneBridge","ift":{"sign":"","type":"all","field":"","value":""},"kintoneBridge":{"kintoneBridgeFields":[{"fieldCode":"\u793e\u54e1No0","oppositeFieldCode":"\u793e\u54e1No0"},{"fieldCode":"\u62c5\u5f53\u8005\u30e1\u30fc\u30eb\u30a2\u30c9\u30ec\u30b9","oppositeFieldCode":"\u62c5\u5f53\u8005\u30e1\u30fc\u30eb\u30a2\u30c9\u30ec\u30b9"},{"fieldCode":"\u55aa\u5931401k","oppositeFieldCode":"\u55aa\u5931401k"},{"fieldCode":"\u30b9\u30c6\u30fc\u30bf\u30b95","oppositeFieldCode":"\u624b\u7d9a\u304d401k"}]},"errorNotificationBridge":null,"adminNotificationBridge":null,"autoReplyBridge":null,"calcBridge":null,"replaceBridge":null,"concatBridge":null,"autoIncrementBridge":null,"kmailerBridge":null},{"name":"","description":null,"sort":2,"type":"AutoReplyBridge","ift":{"sign":"","type":"all","field":"","value":"cn"},"kintoneBridge":null,"errorNotificationBridge":null,"adminNotificationBridge":null,"autoReplyBridge":{"subject":"401k\u30d5\u30a9\u30fc\u30e0\u30d6\u30ea\u30c3\u30b8\u3078\u306e\u56de\u7b54\u3042\u308a\u304c\u3068\u3046\u3054\u3056\u3044\u307e\u3059","contentType":"text\/plain","contents":"\u2500\u2500\u2500\u2500\u2500\u2500\u2500\u2500\u2500\u2500\u2500\u2500\u2500\u2500\u2500\u2500\u2500\u2500\u2500\u2500\u2500\u2500\u2500\u2500\u2500\u2500\u2500\u2500\u2500\n \u3053\u306e\u30e1\u30c3\u30bb\u30fc\u30b8\u306f\u3001\u30b7\u30b9\u30c6\u30e0\u3088\u308a\u81ea\u52d5\u9001\u4fe1\u3055\u308c\u3066\u3044\u307e\u3059\u3002\n \u8fd4\u4fe1\u306f\u53d7\u4ed8\u3051\u3066\u304a\u308a\u307e\u305b\u3093\u3002\n\u2500\u2500\u2500\u2500\u2500\u2500\u2500\u2500\u2500\u2500\u2500\u2500\u2500\u2500\u2500\u2500\u2500\u2500\u2500\u2500\u2500\u2500\u2500\u2500\u2500\u2500\u2500\u2500\u2500\n\u4eba\u4e8b\u62c5\u5f53\u8005\u69d8\n\n\u3053\u306e\u5ea6\u306f\u3001{{ __title__ }}\u306b\u3054\u56de\u7b54\u3044\u305f\u3060\u304d\u3001\u8aa0\u306b\u3042\u308a\u304c\u3068\u3046\u3054\u3056\u3044\u307e\u3059\u3002\n\n\u3054\u8cea\u554f\u7b49\u3054\u3056\u3044\u307e\u3057\u305f\u3089\u3001\u4e0b\u8a18\u307e\u3067\u304a\u6c17\u8efd\u306b\u304a\u554f\u3044\u5408\u308f\u305b\u304f\u3060\u3055\u3044\u3002\n\n\u203b\u672c\u30e1\u30fc\u30eb\u306b\u304a\u5fc3\u5f53\u308a\u306e\u306a\u3044\u5834\u5408\u306f\u3001\u304a\u624b\u6570\u3067\u3059\u304c\u4e0b\u8a18\u30e1\u30fc\u30eb\u5b9b\u306b\n\u8fd4\u4fe1\u3044\u305f\u3060\u3051\u307e\u3059\u3088\u3046\u304a\u9858\u3044\u7533\u3057\u4e0a\u3052\u307e\u3059\u3002\nitt@nkr-group.com\n\n\u4eca\u5f8c\u3068\u3082\u3001\u793e\u4f1a\u4fdd\u967a\u52b4\u52d9\u58eb\u6cd5\u4eba\u3000\u65e5\u672c\u7d4c\u55b6\u52b4\u52d9\u3092\u5b9c\u3057\u304f\u304a\u9858\u3044\u7533\u3057\u4e0a\u3052\u307e\u3059\u3002\n\n","senderName":"\u65e5\u672c\u7d4c\u55b6\u52b4\u52d9IT\u30c1\u30fc\u30e0","isFixedReceiver":false,"receiver":"\u62c5\u5f53\u8005\u30e1\u30fc\u30eb\u30a2\u30c9\u30ec\u30b9","receiverName":"\u59d3","shouldNotifyBounce":false,"delayInterval":0},"calcBridge":null,"replaceBridge":null,"concatBridge":null,"autoIncrementBridge":null,"kmailerBridge":null},{"name":"","description":null,"sort":3,"type":"ErrorNotificationBridge","ift":{"sign":"","type":"error","field":"","value":""},"kintoneBridge":null,"errorNotificationBridge":{"subject":"NKRFSV2.7\u5f93\u696d\u54e1\u7ba1\u7406\u3078\u306e\u56de\u7b54\u3067\u30a8\u30e9\u30fc\u304c\u767a\u751f\u3057\u307e\u3057\u305f","contentType":"text\/plain","contents":"\u2500\u2500\u2500\u2500\u2500\u2500\u2500\u2500\u2500\u2500\u2500\u2500\u2500\u2500\u2500\u2500\u2500\u2500\u2500\u2500\u2500\u2500\u2500\u2500\u2500\u2500\u2500\u2500\u2500\n \u3053\u306e\u30e1\u30c3\u30bb\u30fc\u30b8\u306f\u3001\u30b7\u30b9\u30c6\u30e0\u3088\u308a\u81ea\u52d5\u9001\u4fe1\u3055\u308c\u3066\u3044\u307e\u3059\u3002\n \u8fd4\u4fe1\u306f\u53d7\u4ed8\u3051\u3066\u304a\u308a\u307e\u305b\u3093\u3002\n\u2500\u2500\u2500\u2500\u2500\u2500\u2500\u2500\u2500\u2500\u2500\u2500\u2500\u2500\u2500\u2500\u2500\u2500\u2500\u2500\u2500\u2500\u2500\u2500\u2500\u2500\u2500\u2500\u2500\n\n\u3044\u3064\u3082\u3001\u30c8\u30e8\u30af\u30e2\u3000\u30d5\u30a9\u30fc\u30e0\u30d6\u30ea\u30c3\u30b8\u3092\n\u3054\u5229\u7528\u3044\u305f\u3060\u304d\u3001\u8aa0\u306b\u3042\u308a\u304c\u3068\u3046\u3054\u3056\u3044\u307e\u3059\u3002\n\n{{__posted_at__|trans}}\u306bNKRFSV2.7\u5f93\u696d\u54e1\u7ba1\u7406\u306e\u56de\u7b54\u4fdd\u5b58\u30d7\u30ed\u30bb\u30b9\u3067\u30a8\u30e9\u30fc\u304c\u767a\u751f\u3057\u307e\u3057\u305f\u3002\n\n\u25a0\u2501\u2501\u2501\u2501\u2501\u2501\u2501\u2501\u2501\u2501\u2501\u2501\u2501\u2501\u2501\u2501\u2501\u25a0\n{{__errorMessage__|trans}}\n\u25a0\u2501\u2501\u2501\u2501\u2501\u2501\u2501\u2501\u2501\u2501\u2501\u2501\u2501\u2501\u2501\u2501\u2501\u25a0\n\n\u8a73\u7d30\u306f\u6b21\u306eURL\u304b\u3089\u3054\u78ba\u8a8d\u304f\u3060\u3055\u3044\uff08\u5c65\u6b74\u306f1\u9031\u9593\u4fdd\u5b58\u3055\u308c\u307e\u3059\uff09\u3002\n{{__errorPostUrl__}}\n\n\u203b\u672c\u30e1\u30fc\u30eb\u306b\u304a\u5fc3\u5f53\u308a\u306e\u306a\u3044\u5834\u5408\u306f\u3001\u304a\u624b\u6570\u3067\u3059\u304c\u4e0b\u8a18\u30e1\u30fc\u30eb\u5b9b\u306b\u8fd4\u4fe1\u3044\u305f\u3060\u3051\u307e\u3059\u3088\u3046\u304a\u9858\u3044\u7533\u3057\u4e0a\u3052\u307e\u3059\u3002\nrobo-pat@nkr-group.com\n\n\u4eca\u5f8c\u3068\u3082\u3001\u30d5\u30a9\u30fc\u30e0\u30d6\u30ea\u30c3\u30b8\u3092\u3088\u308d\u3057\u304f\u304a\u9858\u3044\u7533\u3057\u4e0a\u3052\u307e\u3059\u3002\n\n----\n\u30c8\u30e8\u30af\u30e2\u682a\u5f0f\u4f1a\u793e\n050-3816-6666\ntoyokumo@toyokumo.co.jp\n","senderName":"\u65e5\u672c\u7d4c\u55b6\u52b4\u52d9IT\u30c1\u30fc\u30e0","isFixedReceiver":true,"receiver":"r-banba@nkr-group.com","receiverName":"\u65e5\u672c\u7d4c\u55b6\u52b4\u52d9IT\u30c1\u30fc\u30e0"},"adminNotificationBridge":null,"autoReplyBridge":null,"calcBridge":null,"replaceBridge":null,"concatBridge":null,"autoIncrementBridge":null,"kmailerBridge":null},{"name":"","description":"\u81ea\u52d5\u8fd4\u4fe1\u30e1\u30fc\u30eb \uff08\u65e7\uff1a\u540d\u524d\uff09\nNKR\u62c5\u5f53\u8005\u5b9b \uff08\u65e7\uff1a\u8aac\u660e\uff09","sort":3,"type":"AutoReplyBridge","ift":{"sign":"","type":"all","field":"","value":""},"kintoneBridge":null,"errorNotificationBridge":null,"adminNotificationBridge":null,"autoReplyBridge":{"subject":"\u30de\u30a4\u30da\u30fc\u30b8\u3088\u308a401k\u306e\u624b\u7d9a\u304d\u7533\u8acb\u306e\u56de\u7b54\u304c\u3042\u308a\u307e\u3057\u305f","contentType":"text\/plain","contents":"\u2500\u2500\u2500\u2500\u2500\u2500\u2500\u2500\u2500\u2500\u2500\u2500\u2500\u2500\u2500\u2500\u2500\u2500\u2500\u2500\u2500\u2500\u2500\u2500\u2500\u2500\u2500\u2500\u2500\n \u3053\u306e\u30e1\u30c3\u30bb\u30fc\u30b8\u306f\u3001\u30b7\u30b9\u30c6\u30e0\u3088\u308a\u81ea\u52d5\u9001\u4fe1\u3055\u308c\u3066\u3044\u307e\u3059\u3002\n \u8fd4\u4fe1\u306f\u53d7\u4ed8\u3051\u3066\u304a\u308a\u307e\u305b\u3093\u3002\n\u2500\u2500\u2500\u2500\u2500\u2500\u2500\u2500\u2500\u2500\u2500\u2500\u2500\u2500\u2500\u2500\u2500\u2500\u2500\u2500\u2500\u2500\u2500\u2500\u2500\u2500\u2500\u2500\u2500\nNKR\u62c5\u5f53\u8005\u69d8\n\n401k\u9001\u4fe1\u30d5\u30a9\u30fc\u30e0\u3088\u308a\u56de\u7b54\u304c\u3042\u308a\u307e\u3057\u305f\u3002\n\u4ee5\u4e0b\u306eURL\u3088\u308a\u3001\u56de\u7b54\u60c5\u5831\u3092\u3054\u78ba\u8a8d\u306e\u4e0a\u3001\u624b\u7d9a\u304d\u3092\u304a\u9858\u3044\u3044\u305f\u3057\u307e\u3059\u3002\n\n{{__kintoneBridgeRecordUrl__2}}\n\u624b\u7d9a\u304d\u540d \u65b0\u898f\u52a0\u5165\n\u4f1a\u793e\u540d {{\u6240\u5c5e\u4f01\u696d\u540d}}\n\u4eba\u4e8b\u62c5\u5f53\u8005  {{\u62c5\u5f53\u8005\u540d}}\u69d8\n\u30e1\u30fc\u30eb\u30a2\u30c9\u30ec\u30b9 {{\u62c5\u5f53\u8005\u30e1\u30fc\u30eb\u30a2\u30c9\u30ec\u30b9}}\n\u5f93\u696d\u54e1\u540d {{\u59d3}} {{\u540d}}\u69d8\n\u9001\u4fe1\u65e5\u6642 {{__posted_at__}}","senderName":"\u65e5\u672c\u7d4c\u55b6\u52b4\u52d9IT\u30c1\u30fc\u30e0","isFixedReceiver":false,"receiver":"NKR\u30e1\u30fc\u30eb\u30a2\u30c9\u30ec\u30b9","receiverName":"","shouldNotifyBounce":false,"delayInterval":0},"calcBridge":null,"replaceBridge":null,"concatBridge":null,"autoIncrementBridge":null,"kmailerBridge":null},{"name":"","description":"\u81ea\u52d5\u8fd4\u4fe1\u30e1\u30fc\u30eb \uff08\u65e7\uff1a\u540d\u524d\uff09\nNKR\u7b39\u4e95\u5b9b \uff08\u65e7\uff1a\u8aac\u660e\uff09","sort":4,"type":"AutoReplyBridge","ift":{"sign":"","type":"locale","field":"","value":"cn"},"kintoneBridge":null,"errorNotificationBridge":null,"adminNotificationBridge":null,"autoReplyBridge":{"subject":"\u30de\u30a4\u30da\u30fc\u30b8\u3088\u308a401k\u306e\u624b\u7d9a\u304d\u7533\u8acb\u306e\u56de\u7b54\u304c\u3042\u308a\u307e\u3057\u305f","contentType":"text\/plain","contents":"\u2500\u2500\u2500\u2500\u2500\u2500\u2500\u2500\u2500\u2500\u2500\u2500\u2500\u2500\u2500\u2500\u2500\u2500\u2500\u2500\u2500\u2500\u2500\u2500\u2500\u2500\u2500\u2500\u2500\n \u3053\u306e\u30e1\u30c3\u30bb\u30fc\u30b8\u306f\u3001\u30b7\u30b9\u30c6\u30e0\u3088\u308a\u81ea\u52d5\u9001\u4fe1\u3055\u308c\u3066\u3044\u307e\u3059\u3002\n \u8fd4\u4fe1\u306f\u53d7\u4ed8\u3051\u3066\u304a\u308a\u307e\u305b\u3093\u3002\n\u2500\u2500\u2500\u2500\u2500\u2500\u2500\u2500\u2500\u2500\u2500\u2500\u2500\u2500\u2500\u2500\u2500\u2500\u2500\u2500\u2500\u2500\u2500\u2500\u2500\u2500\u2500\u2500\u2500\nNKR\u62c5\u5f53\u8005\u69d8\n\n401k\u9001\u4fe1\u30d5\u30a9\u30fc\u30e0\u3088\u308a\u56de\u7b54\u304c\u3042\u308a\u307e\u3057\u305f\u3002\n\u4ee5\u4e0b\u306eURL\u3088\u308a\u3001\u56de\u7b54\u60c5\u5831\u3092\u3054\u78ba\u8a8d\u306e\u4e0a\u3001\u624b\u7d9a\u304d\u3092\u304a\u9858\u3044\u3044\u305f\u3057\u307e\u3059\u3002\n\n{{__kintoneBridgeRecordUrl__1}}\n\u624b\u7d9a\u304d\u540d \u65b0\u898f\u52a0\u5165\n\u4f1a\u793e\u540d {{\u6240\u5c5e\u4f01\u696d\u540d}}\n\u4eba\u4e8b\u62c5\u5f53\u8005  {{\u62c5\u5f53\u8005\u540d}}\u69d8\n\u30e1\u30fc\u30eb\u30a2\u30c9\u30ec\u30b9 {{\u62c5\u5f53\u8005\u30e1\u30fc\u30eb\u30a2\u30c9\u30ec\u30b9}}\n\u5f93\u696d\u54e1\u540d {{\u59d3}} {{\u540d}}\u69d8\n\u9001\u4fe1\u65e5\u6642 {{__posted_at__}}","senderName":"\u65e5\u672c\u7d4c\u55b6\u52b4\u52d9IT\u30c1\u30fc\u30e0","isFixedReceiver":false,"receiver":"NKR\u30e1\u30fc\u30eb\u30a2\u30c9\u30ec\u30b9","receiverName":"NKR\u7b39\u4e95\u30e1\u30fc\u30eb\u30a2\u30c9\u30ec\u30b9","shouldNotifyBounce":false,"delayInterval":0},"calcBridge":null,"replaceBridge":null,"concatBridge":null,"autoIncrementBridge":null,"kmailerBridge":null},{"name":"","description":"\u81ea\u52d5\u8fd4\u4fe1\u30e1\u30fc\u30eb \uff08\u65e7\uff1a\u540d\u524d\uff09\nNKR\u85e4\u4e95\u5b9b \uff08\u65e7\uff1a\u8aac\u660e\uff09","sort":5,"type":"AutoReplyBridge","ift":{"sign":"","type":"locale","field":"","value":"cn"},"kintoneBridge":null,"errorNotificationBridge":null,"adminNotificationBridge":null,"autoReplyBridge":{"subject":"\u30de\u30a4\u30da\u30fc\u30b8\u3088\u308a401k\u306e\u624b\u7d9a\u304d\u7533\u8acb\u306e\u56de\u7b54\u304c\u3042\u308a\u307e\u3057\u305f","contentType":"text\/plain","contents":"\u2500\u2500\u2500\u2500\u2500\u2500\u2500\u2500\u2500\u2500\u2500\u2500\u2500\u2500\u2500\u2500\u2500\u2500\u2500\u2500\u2500\u2500\u2500\u2500\u2500\u2500\u2500\u2500\u2500\n \u3053\u306e\u30e1\u30c3\u30bb\u30fc\u30b8\u306f\u3001\u30b7\u30b9\u30c6\u30e0\u3088\u308a\u81ea\u52d5\u9001\u4fe1\u3055\u308c\u3066\u3044\u307e\u3059\u3002\n \u8fd4\u4fe1\u306f\u53d7\u4ed8\u3051\u3066\u304a\u308a\u307e\u305b\u3093\u3002\n\u2500\u2500\u2500\u2500\u2500\u2500\u2500\u2500\u2500\u2500\u2500\u2500\u2500\u2500\u2500\u2500\u2500\u2500\u2500\u2500\u2500\u2500\u2500\u2500\u2500\u2500\u2500\u2500\u2500\nNKR\u62c5\u5f53\u8005\u69d8\n\n401k\u9001\u4fe1\u30d5\u30a9\u30fc\u30e0\u3088\u308a\u56de\u7b54\u304c\u3042\u308a\u307e\u3057\u305f\u3002\n\u4ee5\u4e0b\u306eURL\u3088\u308a\u3001\u56de\u7b54\u60c5\u5831\u3092\u3054\u78ba\u8a8d\u306e\u4e0a\u3001\u624b\u7d9a\u304d\u3092\u304a\u9858\u3044\u3044\u305f\u3057\u307e\u3059\u3002\n\n{{__kintoneBridgeRecordUrl__1}}\n\u624b\u7d9a\u304d\u540d \u65b0\u898f\u52a0\u5165\n\u4f1a\u793e\u540d {{\u6240\u5c5e\u4f01\u696d\u540d}}\n\u4eba\u4e8b\u62c5\u5f53\u8005  {{\u62c5\u5f53\u8005\u540d}}\u69d8\n\u30e1\u30fc\u30eb\u30a2\u30c9\u30ec\u30b9 {{\u62c5\u5f53\u8005\u30e1\u30fc\u30eb\u30a2\u30c9\u30ec\u30b9}}\n\u5f93\u696d\u54e1\u540d {{\u59d3}} {{\u540d}}\u69d8\n\u9001\u4fe1\u65e5\u6642 {{__posted_at__}}","senderName":"\u65e5\u672c\u7d4c\u55b6\u52b4\u52d9IT\u30c1\u30fc\u30e0","isFixedReceiver":false,"receiver":"NKR\u30e1\u30fc\u30eb\u30a2\u30c9\u30ec\u30b9","receiverName":"NKR\u85e4\u4e95\u30e1\u30fc\u30eb\u30a2\u30c9\u30ec\u30b9","shouldNotifyBounce":false,"delayInterval":0},"calcBridge":null,"replaceBridge":null,"concatBridge":null,"autoIncrementBridge":null,"kmailerBridge":null},{"name":"","description":null,"sort":6,"type":"ErrorNotificationBridge","ift":{"sign":"","type":"error","field":"","value":""},"kintoneBridge":null,"errorNotificationBridge":{"subject":"401k\u624b\u7d9a\u304d\u30d5\u30a9\u30fc\u30e0\u3078\u306e\u56de\u7b54\u3067\u30a8\u30e9\u30fc\u304c\u767a\u751f\u3057\u307e\u3057\u305f","contentType":"text\/plain","contents":"\u2500\u2500\u2500\u2500\u2500\u2500\u2500\u2500\u2500\u2500\u2500\u2500\u2500\u2500\u2500\u2500\u2500\u2500\u2500\u2500\u2500\u2500\u2500\u2500\u2500\u2500\u2500\u2500\u2500\n \u3053\u306e\u30e1\u30c3\u30bb\u30fc\u30b8\u306f\u3001\u30b7\u30b9\u30c6\u30e0\u3088\u308a\u81ea\u52d5\u9001\u4fe1\u3055\u308c\u3066\u3044\u307e\u3059\u3002\n \u8fd4\u4fe1\u306f\u53d7\u4ed8\u3051\u3066\u304a\u308a\u307e\u305b\u3093\u3002\n\u2500\u2500\u2500\u2500\u2500\u2500\u2500\u2500\u2500\u2500\u2500\u2500\u2500\u2500\u2500\u2500\u2500\u2500\u2500\u2500\u2500\u2500\u2500\u2500\u2500\u2500\u2500\u2500\u2500\n\n\u3044\u3064\u3082\u3001\u30c8\u30e8\u30af\u30e2\u3000\u30d5\u30a9\u30fc\u30e0\u30d6\u30ea\u30c3\u30b8\u3092\n\u3054\u5229\u7528\u3044\u305f\u3060\u304d\u3001\u8aa0\u306b\u3042\u308a\u304c\u3068\u3046\u3054\u3056\u3044\u307e\u3059\u3002\n\n{{__posted_at__|trans}}\u306b\u30ec\u30f3\u30b7\u30e5\u30a6\u793e_401k\u30a2\u30d7\u30ea(\u672a\u52a0\u5165\u8005\u5c02\u7528\u30fb\u30c7\u30fc\u30bf\u5206\u96e2\u7248)\u306e\u56de\u7b54\u4fdd\u5b58\u30d7\u30ed\u30bb\u30b9\u3067\u30a8\u30e9\u30fc\u304c\u767a\u751f\u3057\u307e\u3057\u305f\u3002\n\n\u25a0\u2501\u2501\u2501\u2501\u2501\u2501\u2501\u2501\u2501\u2501\u2501\u2501\u2501\u2501\u2501\u2501\u2501\u25a0\n{{__errorMessage__|trans}}\n\u25a0\u2501\u2501\u2501\u2501\u2501\u2501\u2501\u2501\u2501\u2501\u2501\u2501\u2501\u2501\u2501\u2501\u2501\u25a0\n\n\u8a73\u7d30\u306f\u6b21\u306eURL\u304b\u3089\u3054\u78ba\u8a8d\u304f\u3060\u3055\u3044\uff08\u5c65\u6b74\u306f1\u9031\u9593\u4fdd\u5b58\u3055\u308c\u307e\u3059\uff09\u3002\n{{__errorPostUrl__}}\n\n\u203b\u672c\u30e1\u30fc\u30eb\u306b\u304a\u5fc3\u5f53\u308a\u306e\u306a\u3044\u5834\u5408\u306f\u3001\u304a\u624b\u6570\u3067\u3059\u304c\u4e0b\u8a18\u30e1\u30fc\u30eb\u5b9b\u306b\u8fd4\u4fe1\u3044\u305f\u3060\u3051\u307e\u3059\u3088\u3046\u304a\u9858\u3044\u7533\u3057\u4e0a\u3052\u307e\u3059\u3002\nrobo-pat@nkr-group.com\n\n\u4eca\u5f8c\u3068\u3082\u3001\u30d5\u30a9\u30fc\u30e0\u30d6\u30ea\u30c3\u30b8\u3092\u3088\u308d\u3057\u304f\u304a\u9858\u3044\u7533\u3057\u4e0a\u3052\u307e\u3059\u3002\n\n----\n\u30c8\u30e8\u30af\u30e2\u682a\u5f0f\u4f1a\u793e\n050-3816-6666\ntoyokumo@toyokumo.co.jp\n","senderName":"\u65e5\u672c\u7d4c\u55b6\u52b4\u52d9IT\u30c1\u30fc\u30e0","isFixedReceiver":true,"receiver":"r-banba@nkr-group.com","receiverName":"\u65e5\u672c\u7d4c\u55b6\u52b4\u52d9IT\u30c1\u30fc\u30e0"},"adminNotificationBridge":null,"autoReplyBridge":null,"calcBridge":null,"replaceBridge":null,"concatBridge":null,"autoIncrementBridge":null,"kmailerBridge":null}],"customizeFileAttribute":{"fileAttributes":{"https:\/\/js.cybozu.com\/momentjs\/2.29.2\/moment.min.js":{"addedAt":"2024-04-24T13:32:26+09:00"},"https:\/\/js.cybozu.com\/momentjs\/2.29.2\/moment-with-locales.min.js":{"addedAt":"2024-04-24T13:32:38+09:00"},"https:\/\/form-bridge-prod.s3.ap-northeast-1.amazonaws.com\/upload\/662c7e30b7b958.785498244083\/401k_add_tablecreater_ver4lost.js":{"addedAt":"2024-04-27T13:25:20+09:00"}},"errorFileAttributes":[]}}