{"description":null,"viewType":"table","uiVersion":1,"layout":{"main":true,"side":false,"footer":false,"header":true},"spLayout":[],"mainContent":{"layoutType":"default","layout":[{"code":"\u793e\u54e1No0","type":"SINGLE_LINE_TEXT","unit":"","digit":false,"label":"\u793e\u54e1No","style":{"display":null,"marginTop":null,"textAlign":null,"marginLeft":null,"paddingTop":"1em","marginRight":null,"paddingLeft":"1em","marginBottom":null,"paddingRight":"1em","paddingBottom":"1em","verticalAlign":null},"format":null,"unique":false,"noLabel":false,"spStyle":[],"userType":"name","attributes":[],"labelStyle":{"color":null,"fontSize":null,"textAlign":null,"fontWeight":"bold"},"contentStyle":{"color":null,"fontSize":null,"textAlign":null,"fontWeight":null},"spLabelStyle":[],"unitPosition":"BEFORE","thumbnailSize":"150px","hideExpression":false,"spContentStyle":[],"specialOptions":{"width":2,"format":"CODE128","height":100,"margin":10,"fontSize":20,"displayValue":true},"specialFieldSize":100,"specialFieldType":"default"}],"num":20,"isLinked":false,"disableDetailLinked":false,"isPager":true,"style":{"backgroundColor":"#ffffff"}},"sideContent":{"type":"rich","style":{"width":"30%","overflowX":"auto","backgroundColor":"#ffffff"},"content":""},"header":{"type":"title","style":{"height":null,"overflowY":"auto","backgroundColor":null},"content":""},"footer":{"type":"rich","style":{"height":null,"overflowY":"auto","backgroundColor":null},"content":""},"detailView":{"elements":[{"code":"static_field","type":"LABEL","unit":"","digit":false,"label":"<p>\u3000<\/p><p>\u3000<\/p>","style":{"display":null,"marginTop":null,"textAlign":null,"marginLeft":null,"paddingTop":"1em","marginRight":null,"paddingLeft":"1em","marginBottom":null,"paddingRight":"1em","paddingBottom":"1em","verticalAlign":null},"format":null,"noLabel":false,"spStyle":[],"userType":"name","attributes":[],"labelStyle":{"color":null,"fontSize":null,"textAlign":null,"fontWeight":"bold"},"contentStyle":{"color":null,"fontSize":null,"textAlign":null,"fontWeight":null},"spLabelStyle":[],"unitPosition":"BEFORE","thumbnailSize":"150px","spContentStyle":[]},{"code":"\u793e\u54e1No0","type":"SINGLE_LINE_TEXT","unit":"","digit":false,"label":"\u793e\u54e1No","style":{"display":"inline-block","marginTop":null,"textAlign":null,"marginLeft":null,"paddingTop":"1em","marginRight":null,"paddingLeft":"1em","marginBottom":null,"paddingRight":"1em","paddingBottom":"1em","verticalAlign":null},"format":null,"unique":false,"noLabel":false,"spStyle":[],"userType":"name","attributes":[],"labelStyle":{"color":null,"fontSize":null,"textAlign":null,"fontWeight":"bold"},"contentStyle":{"color":null,"fontSize":null,"textAlign":null,"fontWeight":null},"spLabelStyle":[],"unitPosition":"BEFORE","thumbnailSize":"150px","hideExpression":false,"spContentStyle":[],"specialOptions":{"width":2,"format":"CODE128","height":100,"margin":10,"fontSize":20,"displayValue":true},"specialFieldSize":100,"specialFieldType":"default"},{"code":"\u672c\u4eba\u62e0\u51fa\u73fe\u5728","type":"NUMBER","unit":null,"digit":false,"label":"\u73fe\u5728\u306e\u672c\u4eba\u62e0\u51fa\u984d","style":{"display":null,"marginTop":null,"textAlign":null,"marginLeft":null,"paddingTop":"1em","marginRight":null,"paddingLeft":"1em","marginBottom":null,"paddingRight":"1em","paddingBottom":"1em","verticalAlign":null},"format":null,"unique":false,"noLabel":false,"spStyle":[],"userType":"name","attributes":[],"labelStyle":{"color":null,"fontSize":null,"textAlign":null,"fontWeight":"bold"},"contentStyle":{"color":null,"fontSize":null,"textAlign":null,"fontWeight":null},"displayScale":null,"spLabelStyle":[],"unitPosition":"BEFORE","thumbnailSize":"150px","spContentStyle":[]},{"code":"\u624b\u7d9a\u304d401k","type":"SINGLE_LINE_TEXT","unit":"","digit":false,"label":"\u76f4\u524d\u306e\u624b\u7d9a\u304d\u540d","style":{"display":null,"marginTop":null,"textAlign":null,"marginLeft":null,"paddingTop":"1em","marginRight":null,"paddingLeft":"1em","marginBottom":null,"paddingRight":"1em","paddingBottom":"1em","verticalAlign":null},"format":null,"unique":false,"noLabel":false,"spStyle":[],"userType":"name","attributes":[],"labelStyle":{"color":null,"fontSize":null,"textAlign":null,"fontWeight":"bold"},"contentStyle":{"color":null,"fontSize":null,"textAlign":null,"fontWeight":null},"spLabelStyle":[],"unitPosition":"BEFORE","thumbnailSize":"150px","hideExpression":false,"spContentStyle":[],"specialOptions":{"width":2,"format":"CODE128","height":100,"margin":10,"fontSize":20,"displayValue":true},"specialFieldSize":100,"specialFieldType":"default"},{"code":"\u8cc7\u683c\u53d6\u5f97\u65e5","type":"DROP_DOWN","unit":"","digit":false,"label":"\u8cc7\u683c\u53d6\u5f97\u65e5","style":{"display":null,"marginTop":null,"textAlign":null,"marginLeft":null,"paddingTop":"1em","marginRight":null,"paddingLeft":"1em","marginBottom":null,"paddingRight":"1em","paddingBottom":"1em","verticalAlign":null},"format":null,"noLabel":false,"options":["1\/1","2\/1","3\/1","4\/1","5\/1","6\/1","7\/1","8\/1","9\/1","10\/1","11\/1","12\/1"],"spStyle":[],"userType":"name","attributes":[],"labelStyle":{"color":null,"fontSize":null,"textAlign":null,"fontWeight":"bold"},"contentStyle":{"color":null,"fontSize":null,"textAlign":null,"fontWeight":null},"spLabelStyle":[],"unitPosition":"BEFORE","thumbnailSize":"150px","spContentStyle":[]},{"code":"\u52a0\u5165401k","type":"SUBTABLE","unit":"","digit":false,"label":"\u52a0\u5165","style":{"display":null,"marginTop":null,"textAlign":null,"marginLeft":null,"paddingTop":"1em","marginRight":null,"paddingLeft":"1em","marginBottom":null,"paddingRight":"1em","paddingBottom":"1em","verticalAlign":null},"fields":[{"code":"\u9023\u7d61\u65e5\u6642\u52a0\u5165","type":"SINGLE_LINE_TEXT","unit":"","digit":false,"label":"\u9023\u7d61\u65e5\u6642","style":{"color":null,"display":null,"fontSize":null,"marginTop":null,"textAlign":null,"fontWeight":null,"marginLeft":null,"paddingTop":"1em","marginRight":null,"paddingLeft":"1em","marginBottom":null,"paddingRight":"1em","paddingBottom":"1em","verticalAlign":null},"format":null,"unique":false,"noLabel":false,"spStyle":[],"userType":"name","attributes":[],"labelStyle":{"color":null,"fontSize":null,"textAlign":null,"fontWeight":"bold"},"contentStyle":{"color":null,"fontSize":null,"textAlign":null,"fontWeight":null},"spLabelStyle":[],"unitPosition":"BEFORE","thumbnailSize":"150px","hideExpression":false,"spContentStyle":[],"specialOptions":{"width":2,"format":"CODE128","height":100,"margin":10,"fontSize":20,"displayValue":true},"specialFieldSize":100,"specialFieldType":"default"},{"code":"\u672c\u4eba\u62e0\u51fa\u306e\u6709\u7121\u52a0\u5165","type":"SINGLE_LINE_TEXT","unit":"","digit":false,"label":"\u672c\u4eba\u62e0\u51fa\u306e\u6709\u7121","style":{"color":null,"display":null,"fontSize":null,"marginTop":null,"textAlign":null,"fontWeight":null,"marginLeft":null,"paddingTop":"1em","marginRight":null,"paddingLeft":"1em","marginBottom":null,"paddingRight":"1em","paddingBottom":"1em","verticalAlign":null},"format":null,"unique":false,"noLabel":false,"spStyle":[],"userType":"name","attributes":[],"labelStyle":{"color":null,"fontSize":null,"textAlign":null,"fontWeight":"bold"},"contentStyle":{"color":null,"fontSize":null,"textAlign":null,"fontWeight":null},"spLabelStyle":[],"unitPosition":"BEFORE","thumbnailSize":"150px","hideExpression":false,"spContentStyle":[],"specialOptions":{"width":2,"format":"CODE128","height":100,"margin":10,"fontSize":20,"displayValue":true},"specialFieldSize":100,"specialFieldType":"default"},{"code":"\u672c\u4eba\u62e0\u51fa\u984d\u52a0\u5165","type":"SINGLE_LINE_TEXT","unit":"","digit":false,"label":"\u672c\u4eba\u62e0\u51fa\u984d","style":{"color":null,"display":null,"fontSize":null,"marginTop":null,"textAlign":null,"fontWeight":null,"marginLeft":null,"paddingTop":"1em","marginRight":null,"paddingLeft":"1em","marginBottom":null,"paddingRight":"1em","paddingBottom":"1em","verticalAlign":null},"format":null,"unique":false,"noLabel":false,"spStyle":[],"userType":"name","attributes":[],"labelStyle":{"color":null,"fontSize":null,"textAlign":null,"fontWeight":"bold"},"contentStyle":{"color":null,"fontSize":null,"textAlign":null,"fontWeight":null},"spLabelStyle":[],"unitPosition":"BEFORE","thumbnailSize":"150px","hideExpression":false,"spContentStyle":[],"specialOptions":{"width":2,"format":"CODE128","height":100,"margin":10,"fontSize":20,"displayValue":true},"specialFieldSize":100,"specialFieldType":"default"},{"code":"\u6cd5\u4eba\u62e0\u51fa\u984d\u52a0\u5165","type":"SINGLE_LINE_TEXT","unit":"","digit":false,"label":"\u6cd5\u4eba\u62e0\u51fa\u984d","style":{"color":null,"display":null,"fontSize":null,"marginTop":null,"textAlign":null,"fontWeight":null,"marginLeft":null,"paddingTop":"1em","marginRight":null,"paddingLeft":"1em","marginBottom":null,"paddingRight":"1em","paddingBottom":"1em","verticalAlign":null},"format":null,"unique":false,"noLabel":false,"spStyle":[],"userType":"name","attributes":[],"labelStyle":{"color":null,"fontSize":null,"textAlign":null,"fontWeight":"bold"},"contentStyle":{"color":null,"fontSize":null,"textAlign":null,"fontWeight":null},"spLabelStyle":[],"unitPosition":"BEFORE","thumbnailSize":"150px","hideExpression":false,"spContentStyle":[],"specialOptions":{"width":2,"format":"CODE128","height":100,"margin":10,"fontSize":20,"displayValue":true},"specialFieldSize":100,"specialFieldType":"default"},{"code":"\u8cc7\u683c\u53d6\u5f97\u958b\u59cb\u65e5","type":"DROP_DOWN","unit":"","digit":false,"label":"\u8cc7\u683c\u53d6\u5f97\u958b\u59cb\u65e5","style":{"color":null,"display":null,"fontSize":null,"marginTop":null,"textAlign":null,"fontWeight":null,"marginLeft":null,"paddingTop":"1em","marginRight":null,"paddingLeft":"1em","marginBottom":null,"paddingRight":"1em","paddingBottom":"1em","verticalAlign":null},"format":null,"noLabel":false,"options":["1\/1","2\/1","3\/1","4\/1","5\/1","6\/1","7\/1","8\/1","9\/1","10\/1","11\/1","12\/1"],"spStyle":[],"userType":"name","attributes":[],"labelStyle":{"color":null,"fontSize":null,"textAlign":null,"fontWeight":"bold"},"contentStyle":{"color":null,"fontSize":null,"textAlign":null,"fontWeight":null},"spLabelStyle":[],"unitPosition":"BEFORE","thumbnailSize":"150px","spContentStyle":[]},{"code":"\u6307\u5b9a\u65e5\u4ee5\u964d\u8cc7\u683c\u53d6\u5f97\u958b\u59cb\u65e5","type":"DROP_DOWN","unit":"","digit":false,"label":"\u6307\u5b9a\u65e5\u4ee5\u964d\u8cc7\u683c\u53d6\u5f97\u958b\u59cb\u65e5","style":{"color":null,"display":null,"fontSize":null,"marginTop":null,"textAlign":null,"fontWeight":null,"marginLeft":null,"paddingTop":"1em","marginRight":null,"paddingLeft":"1em","marginBottom":null,"paddingRight":"1em","paddingBottom":"1em","verticalAlign":null},"format":null,"noLabel":false,"options":["1\/1","2\/1","3\/1","4\/1","5\/1","6\/1","7\/1","8\/1","9\/1","10\/1","11\/1","12\/1"],"spStyle":[],"userType":"name","attributes":[],"labelStyle":{"color":null,"fontSize":null,"textAlign":null,"fontWeight":"bold"},"contentStyle":{"color":null,"fontSize":null,"textAlign":null,"fontWeight":null},"spLabelStyle":[],"unitPosition":"BEFORE","thumbnailSize":"150px","spContentStyle":[]},{"code":"\u5099\u8003\u52a0\u5165","type":"MULTI_LINE_TEXT","unit":"","digit":false,"label":"\u5099\u8003\u52a0\u5165","style":{"color":null,"display":null,"fontSize":null,"marginTop":null,"textAlign":null,"fontWeight":null,"marginLeft":null,"paddingTop":"1em","marginRight":null,"paddingLeft":"1em","marginBottom":null,"paddingRight":"1em","paddingBottom":"1em","verticalAlign":null},"format":null,"noLabel":false,"spStyle":[],"userType":"name","attributes":[],"labelStyle":{"color":null,"fontSize":null,"textAlign":null,"fontWeight":"bold"},"contentStyle":{"color":null,"fontSize":null,"textAlign":null,"fontWeight":null},"spLabelStyle":[],"unitPosition":"BEFORE","thumbnailSize":"150px","spContentStyle":[]},{"code":"\u624b\u7d9a\u304d\u52a0\u5165","type":"DROP_DOWN","unit":"","digit":false,"label":"\u624b\u7d9a\u304d\u72b6\u6cc1","style":{"color":null,"display":null,"fontSize":null,"marginTop":null,"textAlign":null,"fontWeight":null,"marginLeft":null,"paddingTop":"1em","marginRight":null,"paddingLeft":"1em","marginBottom":null,"paddingRight":"1em","paddingBottom":"1em","verticalAlign":null},"format":null,"noLabel":false,"options":["\u624b\u7d9a\u304d\u4e2d","\u624b\u7d9a\u304d\u6e08\u307f"],"spStyle":[],"userType":"name","attributes":[],"labelStyle":{"color":null,"fontSize":null,"textAlign":null,"fontWeight":"bold"},"contentStyle":{"color":null,"fontSize":null,"textAlign":null,"fontWeight":null},"spLabelStyle":[],"unitPosition":"BEFORE","thumbnailSize":"150px","spContentStyle":[]}],"format":null,"noLabel":false,"spStyle":[],"userType":"name","attributes":[],"labelStyle":{"color":null,"fontSize":null,"textAlign":null,"fontWeight":"bold"},"contentStyle":{"color":null,"fontSize":null,"textAlign":null,"fontWeight":null},"spLabelStyle":[],"unitPosition":"BEFORE","thumbnailSize":"150px","spContentStyle":[]},{"code":"\u55aa\u5931401k","type":"SUBTABLE","unit":"","digit":false,"label":"\u55aa\u5931","style":{"display":"block","marginTop":null,"textAlign":null,"marginLeft":null,"paddingTop":"1em","marginRight":null,"paddingLeft":"1em","marginBottom":null,"paddingRight":"1em","paddingBottom":"1em","verticalAlign":null},"fields":[{"code":"\u9023\u7d61\u65e5\u6642\u55aa\u5931","type":"SINGLE_LINE_TEXT","unit":"","digit":false,"label":"\u9023\u7d61\u65e5\u6642","style":{"color":null,"display":null,"fontSize":null,"marginTop":null,"textAlign":null,"fontWeight":null,"marginLeft":null,"paddingTop":"1em","marginRight":null,"paddingLeft":"1em","marginBottom":null,"paddingRight":"1em","paddingBottom":"1em","verticalAlign":null},"format":null,"unique":false,"noLabel":false,"spStyle":[],"userType":"name","attributes":[],"labelStyle":{"color":null,"fontSize":null,"textAlign":null,"fontWeight":"bold"},"contentStyle":{"color":null,"fontSize":null,"textAlign":null,"fontWeight":null},"spLabelStyle":[],"unitPosition":"BEFORE","thumbnailSize":"150px","hideExpression":false,"spContentStyle":[],"specialOptions":{"width":2,"format":"CODE128","height":100,"margin":10,"fontSize":20,"displayValue":true},"specialFieldSize":100,"specialFieldType":"default"},{"code":"\u9000\u8077\u7406\u7531\u55aa\u5931","type":"SINGLE_LINE_TEXT","unit":"","digit":false,"label":"\u55aa\u5931\u7406\u7531","style":{"color":null,"display":null,"fontSize":null,"marginTop":null,"textAlign":null,"fontWeight":null,"marginLeft":null,"paddingTop":"1em","marginRight":null,"paddingLeft":"1em","marginBottom":null,"paddingRight":"1em","paddingBottom":"1em","verticalAlign":null},"format":null,"unique":false,"noLabel":false,"spStyle":[],"userType":"name","attributes":[],"labelStyle":{"color":null,"fontSize":null,"textAlign":null,"fontWeight":"bold"},"contentStyle":{"color":null,"fontSize":null,"textAlign":null,"fontWeight":null},"spLabelStyle":[],"unitPosition":"BEFORE","thumbnailSize":"150px","hideExpression":false,"spContentStyle":[],"specialOptions":{"width":2,"format":"CODE128","height":100,"margin":10,"fontSize":20,"displayValue":true},"specialFieldSize":100,"specialFieldType":"default"},{"code":"\u8cc7\u683c\u55aa\u5931\u65e5\u55aa\u5931","type":"DATE","unit":"","digit":false,"label":"\u8cc7\u683c\u55aa\u5931\u65e5","style":{"color":null,"display":null,"fontSize":null,"marginTop":null,"textAlign":null,"fontWeight":null,"marginLeft":null,"paddingTop":"1em","marginRight":null,"paddingLeft":"1em","marginBottom":null,"paddingRight":"1em","paddingBottom":"1em","verticalAlign":null},"format":null,"unique":false,"noLabel":false,"spStyle":[],"userType":"name","attributes":[],"labelStyle":{"color":null,"fontSize":null,"textAlign":null,"fontWeight":"bold"},"contentStyle":{"color":null,"fontSize":null,"textAlign":null,"fontWeight":null},"spLabelStyle":[],"unitPosition":"BEFORE","thumbnailSize":"150px","datetimeFormat":"YYYY-MM-DD","spContentStyle":[],"defaultExpression":null},{"code":"\u63d0\u51fa\u66f8\u985e\u55aa\u5931","type":"FILE","unit":"","digit":false,"label":"\u55aa\u5931\u6642\u63d0\u51fa\u66f8\u985e","style":{"color":null,"display":null,"fontSize":null,"marginTop":null,"textAlign":null,"fontWeight":null,"marginLeft":null,"paddingTop":"1em","marginRight":null,"paddingLeft":"1em","marginBottom":null,"paddingRight":"1em","paddingBottom":"1em","verticalAlign":null},"format":null,"noLabel":false,"spStyle":[],"userType":"name","attributes":[],"labelStyle":{"color":null,"fontSize":null,"textAlign":null,"fontWeight":"bold"},"contentStyle":{"color":null,"fontSize":null,"textAlign":null,"fontWeight":null},"spLabelStyle":[],"unitPosition":"BEFORE","thumbnailSize":"150px","spContentStyle":[],"disabledDownload":false},{"code":"\u5099\u8003\u55aa\u5931","type":"MULTI_LINE_TEXT","unit":"","digit":false,"label":"\u5099\u8003\u55aa\u5931","style":{"color":null,"display":null,"fontSize":null,"marginTop":null,"textAlign":null,"fontWeight":null,"marginLeft":null,"paddingTop":"1em","marginRight":null,"paddingLeft":"1em","marginBottom":null,"paddingRight":"1em","paddingBottom":"1em","verticalAlign":null},"format":null,"noLabel":false,"spStyle":[],"userType":"name","attributes":[],"labelStyle":{"color":null,"fontSize":null,"textAlign":null,"fontWeight":"bold"},"contentStyle":{"color":null,"fontSize":null,"textAlign":null,"fontWeight":null},"spLabelStyle":[],"unitPosition":"BEFORE","thumbnailSize":"150px","spContentStyle":[]},{"code":"\u624b\u7d9a\u304d\u55aa\u5931","type":"DROP_DOWN","unit":"","digit":false,"label":"\u624b\u7d9a\u304d\u72b6\u6cc1","style":{"color":null,"display":null,"fontSize":null,"marginTop":null,"textAlign":null,"fontWeight":null,"marginLeft":null,"paddingTop":"1em","marginRight":null,"paddingLeft":"1em","marginBottom":null,"paddingRight":"1em","paddingBottom":"1em","verticalAlign":null},"format":null,"noLabel":false,"options":["\u624b\u7d9a\u304d\u4e2d","\u624b\u7d9a\u304d\u6e08\u307f"],"spStyle":[],"userType":"name","attributes":[],"labelStyle":{"color":null,"fontSize":null,"textAlign":null,"fontWeight":"bold"},"contentStyle":{"color":null,"fontSize":null,"textAlign":null,"fontWeight":null},"spLabelStyle":[],"unitPosition":"BEFORE","thumbnailSize":"150px","spContentStyle":[]}],"format":null,"noLabel":false,"spStyle":[],"userType":"name","attributes":[],"labelStyle":{"color":null,"fontSize":null,"textAlign":null,"fontWeight":"bold"},"contentStyle":{"color":null,"fontSize":null,"textAlign":null,"fontWeight":null},"spLabelStyle":[],"unitPosition":"BEFORE","thumbnailSize":"150px","spContentStyle":[]},{"code":"\u639b\u91d1\u5909\u66f4401k","type":"SUBTABLE","unit":"","digit":false,"label":"\u639b\u91d1\u5909\u66f4","style":{"display":null,"marginTop":null,"textAlign":null,"marginLeft":null,"paddingTop":"1em","marginRight":null,"paddingLeft":"1em","marginBottom":null,"paddingRight":"1em","paddingBottom":"1em","verticalAlign":null},"fields":[{"code":"\u9023\u7d61\u65e5\u6642\u639b\u91d1\u5909\u66f4","type":"SINGLE_LINE_TEXT","unit":"","digit":false,"label":"\u9023\u7d61\u65e5\u6642","style":{"color":null,"display":null,"fontSize":null,"marginTop":null,"textAlign":null,"fontWeight":null,"marginLeft":null,"paddingTop":"1em","marginRight":null,"paddingLeft":"1em","marginBottom":null,"paddingRight":"1em","paddingBottom":"1em","verticalAlign":null},"format":null,"unique":false,"noLabel":false,"spStyle":[],"userType":"name","attributes":[],"labelStyle":{"color":null,"fontSize":null,"textAlign":null,"fontWeight":"bold"},"contentStyle":{"color":null,"fontSize":null,"textAlign":null,"fontWeight":null},"spLabelStyle":[],"unitPosition":"BEFORE","thumbnailSize":"150px","hideExpression":false,"spContentStyle":[],"specialOptions":{"width":2,"format":"CODE128","height":100,"margin":10,"fontSize":20,"displayValue":true},"specialFieldSize":100,"specialFieldType":"default"},{"code":"\u672c\u4eba\u62e0\u51fa\u984d\u639b\u91d1\u5909\u66f4","type":"SINGLE_LINE_TEXT","unit":"","digit":false,"label":"\u672c\u4eba\u62e0\u51fa\u984d\u5909\u66f4\u5f8c\u306e\u91d1\u984d","style":{"color":null,"display":null,"fontSize":null,"marginTop":null,"textAlign":null,"fontWeight":null,"marginLeft":null,"paddingTop":"1em","marginRight":null,"paddingLeft":"1em","marginBottom":null,"paddingRight":"1em","paddingBottom":"1em","verticalAlign":null},"format":null,"unique":false,"noLabel":false,"spStyle":[],"userType":"name","attributes":[],"labelStyle":{"color":null,"fontSize":null,"textAlign":null,"fontWeight":"bold"},"contentStyle":{"color":null,"fontSize":null,"textAlign":null,"fontWeight":null},"spLabelStyle":[],"unitPosition":"BEFORE","thumbnailSize":"150px","hideExpression":false,"spContentStyle":[],"specialOptions":{"width":2,"format":"CODE128","height":100,"margin":10,"fontSize":20,"displayValue":true},"specialFieldSize":100,"specialFieldType":"default"},{"code":"\u6cd5\u4eba\u62e0\u51fa\u984d\u639b\u91d1\u5909\u66f4","type":"SINGLE_LINE_TEXT","unit":"","digit":false,"label":"\u6cd5\u4eba\u62e0\u51fa\u984d\u5909\u66f4\u5f8c\u306e\u91d1\u984d","style":{"color":null,"display":null,"fontSize":null,"marginTop":null,"textAlign":null,"fontWeight":null,"marginLeft":null,"paddingTop":"1em","marginRight":null,"paddingLeft":"1em","marginBottom":null,"paddingRight":"1em","paddingBottom":"1em","verticalAlign":null},"format":null,"unique":false,"noLabel":false,"spStyle":[],"userType":"name","attributes":[],"labelStyle":{"color":null,"fontSize":null,"textAlign":null,"fontWeight":"bold"},"contentStyle":{"color":null,"fontSize":null,"textAlign":null,"fontWeight":null},"spLabelStyle":[],"unitPosition":"BEFORE","thumbnailSize":"150px","hideExpression":false,"spContentStyle":[],"specialOptions":{"width":2,"format":"CODE128","height":100,"margin":10,"fontSize":20,"displayValue":true},"specialFieldSize":100,"specialFieldType":"default"},{"code":"\u639b\u91d1\u5909\u66f4\u65e5","type":"DROP_DOWN","unit":"","digit":false,"label":"\u639b\u91d1\u5909\u66f4\u65e5","style":{"color":null,"display":null,"fontSize":null,"marginTop":null,"textAlign":null,"fontWeight":null,"marginLeft":null,"paddingTop":"1em","marginRight":null,"paddingLeft":"1em","marginBottom":null,"paddingRight":"1em","paddingBottom":"1em","verticalAlign":null},"format":null,"noLabel":false,"options":["1\/1","2\/1","3\/1","4\/1","5\/1","6\/1","7\/1","8\/1","9\/1","10\/1","11\/1","12\/1"],"spStyle":[],"userType":"name","attributes":[],"labelStyle":{"color":null,"fontSize":null,"textAlign":null,"fontWeight":"bold"},"contentStyle":{"color":null,"fontSize":null,"textAlign":null,"fontWeight":null},"spLabelStyle":[],"unitPosition":"BEFORE","thumbnailSize":"150px","spContentStyle":[]},{"code":"\u6307\u5b9a\u65e5\u4ee5\u964d\u639b\u91d1\u5909\u66f4\u65e5","type":"DROP_DOWN","unit":"","digit":false,"label":"\u6307\u5b9a\u65e5\u4ee5\u964d\u639b\u91d1\u5909\u66f4\u65e5","style":{"color":null,"display":null,"fontSize":null,"marginTop":null,"textAlign":null,"fontWeight":null,"marginLeft":null,"paddingTop":"1em","marginRight":null,"paddingLeft":"1em","marginBottom":null,"paddingRight":"1em","paddingBottom":"1em","verticalAlign":null},"format":null,"noLabel":false,"options":["1\/1","2\/1","3\/1","4\/1","5\/1","6\/1","7\/1","8\/1","9\/1","10\/1","11\/1","12\/1"],"spStyle":[],"userType":"name","attributes":[],"labelStyle":{"color":null,"fontSize":null,"textAlign":null,"fontWeight":"bold"},"contentStyle":{"color":null,"fontSize":null,"textAlign":null,"fontWeight":null},"spLabelStyle":[],"unitPosition":"BEFORE","thumbnailSize":"150px","spContentStyle":[]},{"code":"\u5099\u8003\u639b\u91d1\u5909\u66f4","type":"MULTI_LINE_TEXT","unit":"","digit":false,"label":"\u5099\u8003\u639b\u91d1\u5909\u66f4","style":{"color":null,"display":null,"fontSize":null,"marginTop":null,"textAlign":null,"fontWeight":null,"marginLeft":null,"paddingTop":"1em","marginRight":null,"paddingLeft":"1em","marginBottom":null,"paddingRight":"1em","paddingBottom":"1em","verticalAlign":null},"format":null,"noLabel":false,"spStyle":[],"userType":"name","attributes":[],"labelStyle":{"color":null,"fontSize":null,"textAlign":null,"fontWeight":"bold"},"contentStyle":{"color":null,"fontSize":null,"textAlign":null,"fontWeight":null},"spLabelStyle":[],"unitPosition":"BEFORE","thumbnailSize":"150px","spContentStyle":[]},{"code":"\u624b\u7d9a\u304d\u639b\u91d1\u5909\u66f4","type":"DROP_DOWN","unit":"","digit":false,"label":"\u624b\u7d9a\u304d\u72b6\u6cc1","style":{"color":null,"display":null,"fontSize":null,"marginTop":null,"textAlign":null,"fontWeight":null,"marginLeft":null,"paddingTop":"1em","marginRight":null,"paddingLeft":"1em","marginBottom":null,"paddingRight":"1em","paddingBottom":"1em","verticalAlign":null},"format":null,"noLabel":false,"options":["\u624b\u7d9a\u304d\u4e2d","\u624b\u7d9a\u304d\u6e08\u307f"],"spStyle":[],"userType":"name","attributes":[],"labelStyle":{"color":null,"fontSize":null,"textAlign":null,"fontWeight":"bold"},"contentStyle":{"color":null,"fontSize":null,"textAlign":null,"fontWeight":null},"spLabelStyle":[],"unitPosition":"BEFORE","thumbnailSize":"150px","spContentStyle":[]}],"format":null,"noLabel":false,"spStyle":[],"userType":"name","attributes":[],"labelStyle":{"color":null,"fontSize":null,"textAlign":null,"fontWeight":"bold"},"contentStyle":{"color":null,"fontSize":null,"textAlign":null,"fontWeight":null},"spLabelStyle":[],"unitPosition":"BEFORE","thumbnailSize":"150px","spContentStyle":[]},{"code":"\u80b2\u4f11\u4f11\u8077401k","type":"SUBTABLE","unit":"","digit":false,"label":"\u80b2\u4f11\u4f11\u8077","style":{"display":null,"marginTop":null,"textAlign":null,"marginLeft":null,"paddingTop":"1em","marginRight":null,"paddingLeft":"1em","marginBottom":null,"paddingRight":"1em","paddingBottom":"1em","verticalAlign":null},"fields":[{"code":"\u9023\u7d61\u65e5\u6642\u80b2\u4f11","type":"SINGLE_LINE_TEXT","unit":"","digit":false,"label":"\u9023\u7d61\u65e5\u6642","style":{"color":null,"display":null,"fontSize":null,"marginTop":null,"textAlign":null,"fontWeight":null,"marginLeft":null,"paddingTop":"1em","marginRight":null,"paddingLeft":"1em","marginBottom":null,"paddingRight":"1em","paddingBottom":"1em","verticalAlign":null},"format":null,"unique":false,"noLabel":false,"spStyle":[],"userType":"name","attributes":[],"labelStyle":{"color":null,"fontSize":null,"textAlign":null,"fontWeight":"bold"},"contentStyle":{"color":null,"fontSize":null,"textAlign":null,"fontWeight":null},"spLabelStyle":[],"unitPosition":"BEFORE","thumbnailSize":"150px","hideExpression":false,"spContentStyle":[],"specialOptions":{"width":2,"format":"CODE128","height":100,"margin":10,"fontSize":20,"displayValue":true},"specialFieldSize":100,"specialFieldType":"default"},{"code":"\u4f11\u6b62\u3059\u308b\u62e0\u51fa\u5e74\u6708","type":"DATE","unit":"","digit":false,"label":"\u4f11\u6b62\u3059\u308b\u62e0\u51fa\u5e74\u6708","style":{"color":null,"display":null,"fontSize":null,"marginTop":null,"textAlign":null,"fontWeight":null,"marginLeft":null,"paddingTop":"1em","marginRight":null,"paddingLeft":"1em","marginBottom":null,"paddingRight":"1em","paddingBottom":"1em","verticalAlign":null},"format":null,"unique":false,"noLabel":false,"spStyle":[],"userType":"name","attributes":[],"labelStyle":{"color":null,"fontSize":null,"textAlign":null,"fontWeight":"bold"},"contentStyle":{"color":null,"fontSize":null,"textAlign":null,"fontWeight":null},"spLabelStyle":[],"unitPosition":"BEFORE","thumbnailSize":"150px","datetimeFormat":"YYYY-MM-DD","spContentStyle":[],"defaultExpression":null},{"code":"\u639b\u91d1\u306e\u505c\u6b62\u5e0c\u671b\u306e\u6709\u7121\u80b2\u4f11","type":"RADIO_BUTTON","unit":"","digit":false,"label":"\u639b\u91d1\u306e\u505c\u6b62\u5e0c\u671b\u306e\u6709\u7121","style":{"color":null,"display":null,"fontSize":null,"marginTop":null,"textAlign":null,"fontWeight":null,"marginLeft":null,"paddingTop":"1em","marginRight":null,"paddingLeft":"1em","marginBottom":null,"paddingRight":"1em","paddingBottom":"1em","verticalAlign":null},"format":null,"noLabel":false,"options":["\u6709","\u7121"],"spStyle":[],"userType":"name","attributes":[],"labelStyle":{"color":null,"fontSize":null,"textAlign":null,"fontWeight":"bold"},"contentStyle":{"color":null,"fontSize":null,"textAlign":null,"fontWeight":null},"spLabelStyle":[],"unitPosition":"BEFORE","thumbnailSize":"150px","spContentStyle":[]},{"code":"\u5099\u8003\u4f11\u8077","type":"MULTI_LINE_TEXT","unit":"","digit":false,"label":"\u5099\u8003\u4f11\u8077","style":{"color":null,"display":null,"fontSize":null,"marginTop":null,"textAlign":null,"fontWeight":null,"marginLeft":null,"paddingTop":"1em","marginRight":null,"paddingLeft":"1em","marginBottom":null,"paddingRight":"1em","paddingBottom":"1em","verticalAlign":null},"format":null,"noLabel":false,"spStyle":[],"userType":"name","attributes":[],"labelStyle":{"color":null,"fontSize":null,"textAlign":null,"fontWeight":"bold"},"contentStyle":{"color":null,"fontSize":null,"textAlign":null,"fontWeight":null},"spLabelStyle":[],"unitPosition":"BEFORE","thumbnailSize":"150px","spContentStyle":[]},{"code":"\u624b\u7d9a\u304d\u80b2\u4f11\u4f11\u8077","type":"DROP_DOWN","unit":"","digit":false,"label":"\u624b\u7d9a\u304d\u72b6\u6cc1","style":{"color":null,"display":null,"fontSize":null,"marginTop":null,"textAlign":null,"fontWeight":null,"marginLeft":null,"paddingTop":"1em","marginRight":null,"paddingLeft":"1em","marginBottom":null,"paddingRight":"1em","paddingBottom":"1em","verticalAlign":null},"format":null,"noLabel":false,"options":["\u624b\u7d9a\u304d\u4e2d","\u624b\u7d9a\u304d\u6e08\u307f"],"spStyle":[],"userType":"name","attributes":[],"labelStyle":{"color":null,"fontSize":null,"textAlign":null,"fontWeight":"bold"},"contentStyle":{"color":null,"fontSize":null,"textAlign":null,"fontWeight":null},"spLabelStyle":[],"unitPosition":"BEFORE","thumbnailSize":"150px","spContentStyle":[]}],"format":null,"noLabel":false,"spStyle":[],"userType":"name","attributes":[],"labelStyle":{"color":null,"fontSize":null,"textAlign":null,"fontWeight":"bold"},"contentStyle":{"color":null,"fontSize":null,"textAlign":null,"fontWeight":null},"spLabelStyle":[],"unitPosition":"BEFORE","thumbnailSize":"150px","spContentStyle":[]},{"code":"\u5fa9\u8077401k","type":"SUBTABLE","unit":"","digit":false,"label":"\u5fa9\u8077","style":{"display":null,"marginTop":null,"textAlign":null,"marginLeft":null,"paddingTop":"1em","marginRight":null,"paddingLeft":"1em","marginBottom":null,"paddingRight":"1em","paddingBottom":"1em","verticalAlign":null},"fields":[{"code":"\u9023\u7d61\u65e5\u6642\u5fa9\u8077","type":"SINGLE_LINE_TEXT","unit":"","digit":false,"label":"\u9023\u7d61\u65e5\u6642","style":{"color":null,"display":null,"fontSize":null,"marginTop":null,"textAlign":null,"fontWeight":null,"marginLeft":null,"paddingTop":"1em","marginRight":null,"paddingLeft":"1em","marginBottom":null,"paddingRight":"1em","paddingBottom":"1em","verticalAlign":null},"format":null,"unique":false,"noLabel":false,"spStyle":[],"userType":"name","attributes":[],"labelStyle":{"color":null,"fontSize":null,"textAlign":null,"fontWeight":"bold"},"contentStyle":{"color":null,"fontSize":null,"textAlign":null,"fontWeight":null},"spLabelStyle":[],"unitPosition":"BEFORE","thumbnailSize":"150px","hideExpression":false,"spContentStyle":[],"specialOptions":{"width":2,"format":"CODE128","height":100,"margin":10,"fontSize":20,"displayValue":true},"specialFieldSize":100,"specialFieldType":"default"},{"code":"\u518d\u958b\u5f8c\u639b\u91d1","type":"SINGLE_LINE_TEXT","unit":"","digit":false,"label":"\u518d\u958b\u5f8c\u306e\u639b\u91d1","style":{"color":null,"display":null,"fontSize":null,"marginTop":null,"textAlign":null,"fontWeight":null,"marginLeft":null,"paddingTop":"1em","marginRight":null,"paddingLeft":"1em","marginBottom":null,"paddingRight":"1em","paddingBottom":"1em","verticalAlign":null},"format":null,"unique":false,"noLabel":false,"spStyle":[],"userType":"name","attributes":[],"labelStyle":{"color":null,"fontSize":null,"textAlign":null,"fontWeight":"bold"},"contentStyle":{"color":null,"fontSize":null,"textAlign":null,"fontWeight":null},"spLabelStyle":[],"unitPosition":"BEFORE","thumbnailSize":"150px","hideExpression":false,"spContentStyle":[],"specialOptions":{"width":2,"format":"CODE128","height":100,"margin":10,"fontSize":20,"displayValue":true},"specialFieldSize":100,"specialFieldType":"default"},{"code":"\u518d\u958b\u62e0\u51fa\u5e74\u6708","type":"DROP_DOWN","unit":"","digit":false,"label":"\u518d\u958b\u62e0\u51fa\u5e74\u6708","style":{"color":null,"display":null,"fontSize":null,"marginTop":null,"textAlign":null,"fontWeight":null,"marginLeft":null,"paddingTop":"1em","marginRight":null,"paddingLeft":"1em","marginBottom":null,"paddingRight":"1em","paddingBottom":"1em","verticalAlign":null},"format":null,"noLabel":false,"options":["1\/1","2\/1","3\/1","4\/1","5\/1","6\/1","7\/1","8\/1","9\/1","10\/1","11\/1","12\/1"],"spStyle":[],"userType":"name","attributes":[],"labelStyle":{"color":null,"fontSize":null,"textAlign":null,"fontWeight":"bold"},"contentStyle":{"color":null,"fontSize":null,"textAlign":null,"fontWeight":null},"spLabelStyle":[],"unitPosition":"BEFORE","thumbnailSize":"150px","spContentStyle":[]},{"code":"\u6307\u5b9a\u65e5\u4ee5\u964d\u5fa9\u8077\u958b\u59cb\u65e5","type":"DROP_DOWN","unit":"","digit":false,"label":"\u6307\u5b9a\u65e5\u4ee5\u964d\u5fa9\u8077\u958b\u59cb\u65e5","style":{"color":null,"display":null,"fontSize":null,"marginTop":null,"textAlign":null,"fontWeight":null,"marginLeft":null,"paddingTop":"1em","marginRight":null,"paddingLeft":"1em","marginBottom":null,"paddingRight":"1em","paddingBottom":"1em","verticalAlign":null},"format":null,"noLabel":false,"options":["1\/1","2\/1","3\/1","4\/1","5\/1","6\/1","7\/1","8\/1","9\/1","10\/1","11\/1","12\/1"],"spStyle":[],"userType":"name","attributes":[],"labelStyle":{"color":null,"fontSize":null,"textAlign":null,"fontWeight":"bold"},"contentStyle":{"color":null,"fontSize":null,"textAlign":null,"fontWeight":null},"spLabelStyle":[],"unitPosition":"BEFORE","thumbnailSize":"150px","spContentStyle":[]},{"code":"\u5099\u8003\u5fa9\u8077","type":"MULTI_LINE_TEXT","unit":"","digit":false,"label":"\u5099\u8003\u5fa9\u8077","style":{"color":null,"display":null,"fontSize":null,"marginTop":null,"textAlign":null,"fontWeight":null,"marginLeft":null,"paddingTop":"1em","marginRight":null,"paddingLeft":"1em","marginBottom":null,"paddingRight":"1em","paddingBottom":"1em","verticalAlign":null},"format":null,"noLabel":false,"spStyle":[],"userType":"name","attributes":[],"labelStyle":{"color":null,"fontSize":null,"textAlign":null,"fontWeight":"bold"},"contentStyle":{"color":null,"fontSize":null,"textAlign":null,"fontWeight":null},"spLabelStyle":[],"unitPosition":"BEFORE","thumbnailSize":"150px","spContentStyle":[]},{"code":"\u624b\u7d9a\u304d\u5fa9\u8077","type":"DROP_DOWN","unit":"","digit":false,"label":"\u624b\u7d9a\u304d\u72b6\u6cc1","style":{"color":null,"display":null,"fontSize":null,"marginTop":null,"textAlign":null,"fontWeight":null,"marginLeft":null,"paddingTop":"1em","marginRight":null,"paddingLeft":"1em","marginBottom":null,"paddingRight":"1em","paddingBottom":"1em","verticalAlign":null},"format":null,"noLabel":false,"options":["\u624b\u7d9a\u304d\u4e2d","\u624b\u7d9a\u304d\u6e08\u307f"],"spStyle":[],"userType":"name","attributes":[],"labelStyle":{"color":null,"fontSize":null,"textAlign":null,"fontWeight":"bold"},"contentStyle":{"color":null,"fontSize":null,"textAlign":null,"fontWeight":null},"spLabelStyle":[],"unitPosition":"BEFORE","thumbnailSize":"150px","spContentStyle":[]}],"format":null,"noLabel":false,"spStyle":[],"userType":"name","attributes":[],"labelStyle":{"color":null,"fontSize":null,"textAlign":null,"fontWeight":"bold"},"contentStyle":{"color":null,"fontSize":null,"textAlign":null,"fontWeight":null},"spLabelStyle":[],"unitPosition":"BEFORE","thumbnailSize":"150px","spContentStyle":[]}],"style":{"backgroundColor":"#ffffff"},"titleField":null,"social":[]},"isUseMailAuthentication":false,"viewMailUserFilters":[],"title":"401k\u624b\u7d9a\u5c65\u6b74\u8a73\u7d30","isTranslate":false,"dictionary":[],"filters":[{"with":"and","field":"\u624b\u7d9a\u304d401k","sign":"!=","value":"\u55aa\u5931"}],"orders":[],"isUseQuery":false,"query":"","searchForms":[],"isHeaderShown":true,"isUseLogo":false,"logo":null,"isUseFavicon":false,"favicon":null,"headerColor":"#000000","contentColor":"#eff2f8","isUseStyle":false,"styleUrls":[],"isUseJavaScript":true,"javaScriptUrls":["https:\/\/cdn.jsdelivr.net\/gh\/fujimakiaya\/SheetOutput\/KV_shikaku_employee_find_v2.7.js","https:\/\/kviewer.s3.ap-northeast-1.amazonaws.com\/upload\/662cc1635dcac7.596935422736\/name401k.js"],"hideCopyright":false,"isUsePublicTerm":false,"publicStartedAt":null,"publicFinishedAt":null,"isUseIpLimit":false,"ips":[],"isUseCsp":false,"resources":[],"additionalFilters":[],"isUseRobots":false,"isUseErrorBackUrl":false,"errorBackUrl":null,"version":1}