{"title":"401k\u624b\u7d9a\u304d\u30d5\u30a9\u30fc\u30e0","description":null,"limitedMode":false,"maxPostCount":0,"isUseConfirm":true,"isFinishHtml":false,"finishMessage":"\u3054\u56de\u7b54\u3042\u308a\u304c\u3068\u3046\u3054\u3056\u3044\u307e\u3059\uff01\u3053\u306e\u753b\u9762\u306f\u9589\u3058\u3066\u304f\u3060\u3055\u3044","finishHTML":"","isUseErrorHtml":false,"errorHTML":null,"isUseErrorBackUrl":false,"errorBackUrl":null,"isStepForm":false,"stepSize":3,"steps":[],"isBranchForm":true,"branches":[{"fields":["\u30b9\u30c6\u30fc\u30bf\u30b95"],"uniqueKey":"16692757893797","conditions":[{"rules":[{"rule":"=","field":"\u30b9\u30c6\u30fc\u30bf\u30b95","value":"\u65b0\u898f\u52a0\u5165","uniqueKey":"16692757893883"}],"fields":["\u52a0\u5165\u8005\uff7a\uff70\uff84\uff9e","\u8cc7\u683c\u53d6\u5f97\u65e5401k","\u6cd5\u4eba\u62e0\u51fa\u984d","\u672c\u4eba\u62e0\u51fa\u306e\u6709\u7121","\u672c\u4eba\u62e0\u51fa\u984d","\u4ed6\u306e\u4f01\u696d\u5e74\u91d1","\u90f5\u4fbf\u756a\u53f7","\u52a0\u5165\u8005\u30e9\u30d9\u30eb","\u6cd5\u4eba\u62e0\u51fa\u984d\u672c\u4eba\u62e0\u51fa\u984d\u306e\u5408\u8a08\u30e9\u30d9\u30eb","\u751f\u5e74\u6708\u65e5_1","\u4f4f\u6240\uff8c\uff98\uff76\uff9e\uff85","\u6240\u5c5e\u4f01\u696d\u540d","kviewer_lookup\u52a0\u5165","label\u52a0\u5165","label_1_\u52a0\u5165","\u4f4f\u62401","\u4f4f\u6240\u52a0\u5165","label_1_1_1_1_1_1_1\u52a0\u5165","\u751f\u5e74\u6708\u65e5","\u6027\u5225","\u5165\u793e\u5e74\u6708\u65e5","\u4f4f\u6240","\u4f4f\u6240\u30d5\u30ea\u30ac\u30ca","\u57fa\u790e\u5e74\u91d1\u756a\u53f7401k"],"logical":"and","uniqueKey":"16692757893835"}],"availableFields":["label","\u52a0\u5165\u8005\uff7a\uff70\uff84\uff9e","\u57fa\u790e\u5e74\u91d1\u756a\u53f7","\u8cc7\u683c\u53d6\u5f97\u65e5401k","\u6cd5\u4eba\u62e0\u51fa\u984d","\u672c\u4eba\u62e0\u51fa\u306e\u6709\u7121","\u672c\u4eba\u62e0\u51fa\u984d","\u4ed6\u306e\u4f01\u696d\u5e74\u91d1","\u90f5\u4fbf\u756a\u53f7","\u4f4f\u62401","label_1","\u55aa\u5931\u65e5401k","\u9000\u8077\u7406\u7531","\u6dfb\u4ed8\u30d5\u30a1\u30a4\u30eb","\u5099\u8003401k","\u8cc7\u683c\u55aa\u5931\u5e74\u9f62\u5230\u9054\u4e88\u5b9a\u65e5","label_1_1","\u5909\u66f4\u65e5401k","\u5909\u66f4\u5f8c\u306e\u91d1\u984d","label_1_1_1","\u4f11\u8077\u80b2\u4f11\u958b\u59cb\u65e5","label_1_1_1_1","\u5fa9\u8077\u958b\u59cb\u5e74\u6708\u65e5","\u7ba1\u7406401k","label_1_1_1_1_1","\u5909\u66f4\u5f8c\u59d3","\u5909\u66f4\u5f8c\u540d","\u5909\u66f4\u5f8c\u59d3\u534a\u89d2","\u5909\u66f4\u5f8c\u540d\u534a\u89d2","\u5909\u66f4\u5f8c\u90f5\u4fbf\u756a\u53f7","\u5909\u66f4\u5f8c\u4f4f\u6240","\u5909\u66f4\u5f8c\u4f4f\u6240\u30d5\u30ea\u30ac\u30ca","\u52a0\u5165\u8005\u30e9\u30d9\u30eb","\u55aa\u5931\u30e9\u30d9\u30eb","\u639b\u91d1\u5909\u66f4\u30e9\u30d9\u30eb","\u4f11\u8077\u30e9\u30d9\u30eb","\u5fa9\u8077\u30e9\u30d9\u30eb","\u5909\u66f4\u5f8c\u59d3_0","\u5909\u66f4\u5f8c\u540d_0","\u5909\u66f4\u5f8c\u59d3\u534a\u89d2_0","\u5909\u66f4\u5f8c\u540d\u534a\u89d2_0","\u5909\u66f4\u5f8c\u90f5\u4fbf\u756a\u53f7_0","\u5909\u66f4\u5f8c\u4f4f\u6240_0","\u5909\u66f4\u5f8c\u4f4f\u6240\u30d5\u30ea\u30ac\u30ca_0","\u6cd5\u4eba\u62e0\u51fa\u984d\u672c\u4eba\u62e0\u51fa\u984d\u306e\u5408\u8a08\u30e9\u30d9\u30eb","\u751f\u5e74\u6708\u65e5_1","\u639b\u91d1\u5909\u66f4\u5f8c\u306e\u91d1\u984d","\u4f4f\u6240\uff8c\uff98\uff76\uff9e\uff85","kviewer_lookup","\u4f4f\u6240\u6c0f\u540d\u5909\u66f4\u30e9\u30d9\u30eb2","\u4f4f\u6240\u6c0f\u540d\u5909\u66f4\u30e9\u30d9\u30eb","\u6240\u5c5e\u4f01\u696d\u540d","kviewer_lookup\u4f4f\u6240\u6c0f\u540d\u5909\u66f4","kviewer_lookup\u52a0\u5165","label\u52a0\u5165","label_1_\u52a0\u5165","\u4f4f\u6240\u52a0\u5165","label_1_1_1_1_1_1_1\u639b\u91d1\u5909\u66f4","label_1_1_1_1_1_1_1\u52a0\u5165","\u672c\u4eba\u62e0\u51fa\u984d\u5909\u66f4\u5f8c\u306e\u91d1\u984d","\u639b\u91d1\u306e\u505c\u6b62\u5e0c\u671b\u306e\u6709\u7121","\u5168\u4f53\u306e\u5099\u8003","\u518d\u958b\u5f8c\u639b\u91d1","\u62c5\u5f53\u8005\u30e1\u30fc\u30eb\u30a2\u30c9\u30ec\u30b9","NKR\u30e1\u30fc\u30eb\u30a2\u30c9\u30ec\u30b9","label_1_1_1_1_1_1_1\u55aa\u5931","\u751f\u5e74\u6708\u65e5","\u6027\u5225","\u5165\u793e\u5e74\u6708\u65e5","\u4f4f\u6240","\u4f4f\u6240\u30d5\u30ea\u30ac\u30ca","\u52a0\u5165401k","\u55aa\u5931401k","\u639b\u91d1\u5909\u66f4401k","\u80b2\u4f11\u4f11\u8077401k","\u5fa9\u8077401k","\u4f4f\u6240\u5909\u66f4401k","\u6c0f\u540d\u5909\u66f4401k","\u57fa\u790e\u5e74\u91d1\u756a\u53f7401k"]}],"isTranslate":false,"dictionary":[],"isHeaderShown":true,"isFooterShown":true,"isUseLogo":false,"logo":null,"isUseFavicon":false,"favicon":null,"headerColor":"#1b1c1d","footerColor":"#1b1c1d","contentColor":"#e9efff","isUseStyle":true,"styleUrls":["https:\/\/form-bridge-prod.s3.ap-northeast-1.amazonaws.com\/upload\/6406e3b8cbc754.962521764083\/FBColor.css"],"isUseJavaScript":true,"javaScriptUrls":["https:\/\/js.cybozu.com\/momentjs\/2.29.2\/moment.min.js","https:\/\/js.cybozu.com\/momentjs\/2.29.2\/moment-with-locales.min.js","https:\/\/form-bridge-prod.s3.ap-northeast-1.amazonaws.com\/upload\/640003145d1ed4.801803954083\/ErrorCreater.js","https:\/\/form-bridge-prod.s3.ap-northeast-1.amazonaws.com\/upload\/641140b9bd6ed8.504308044083\/401k_add_tablecreater_ver3.js","https:\/\/form-bridge-prod.s3.ap-northeast-1.amazonaws.com\/upload\/64e0498b4c1872.148109384083\/401kFB_postcode_theBasicPenisonNumber.js","https:\/\/form-bridge-prod.s3.ap-northeast-1.amazonaws.com\/upload\/64e04990b69067.616464094083\/domAttribute_functions.js","https:\/\/form-bridge-prod.s3.ap-northeast-1.amazonaws.com\/upload\/64e04995673654.618838664083\/domEvent_functions.js"],"isUseErrorStyle":false,"errorStyleUrls":[],"isUseErrorJavaScript":false,"errorJavaScriptUrls":[],"isUseExternalResource":false,"externalResources":[],"isShowPoweredBy":true,"isUsePublicTerm":false,"publicStartedAt":null,"publicFinishedAt":null,"isUseIpLimit":false,"ips":[],"autoRetry":false,"temporarySave":false,"hideCopyright":false,"isUseRecaptcha":true,"isUseMailAuthentication":false,"fields":[{"type":"SINGLE_LINE_TEXT","code":"\u59d3","label":"\u59d3","rowCount":0,"columnCount":0,"noLabel":false,"hide":false,"required":false,"editable":false,"maxValue":null,"minValue":null,"maxLength":0,"minLength":0,"defaultValue":"","options":[],"optionOrder":"horizontal","expression":null,"protocol":null,"isUseLookup":false,"lookup":[],"isMobileStyle":false,"style":{"width":"300px"},"spStyle":[],"attributes":{"type":"text"},"validations":[],"help":"","step":1,"fields":[]},{"type":"SINGLE_LINE_TEXT","code":"\u540d","label":"\u540d","rowCount":0,"columnCount":1,"noLabel":false,"hide":false,"required":false,"editable":false,"maxValue":null,"minValue":null,"maxLength":0,"minLength":0,"defaultValue":"","options":[],"optionOrder":"horizontal","expression":null,"protocol":null,"isUseLookup":false,"lookup":[],"isMobileStyle":false,"style":{"width":"300px"},"spStyle":[],"attributes":{"type":"text"},"validations":[],"help":"","step":1,"fields":[]},{"type":"SINGLE_LINE_TEXT","code":"\uff7e\uff72","label":"\u30bb\u30a4(\u5168\u89d2\u30ab\u30ca)","rowCount":1,"columnCount":0,"noLabel":false,"hide":false,"required":false,"editable":false,"maxValue":null,"minValue":null,"maxLength":0,"minLength":0,"defaultValue":"","options":[],"optionOrder":"horizontal","expression":null,"protocol":null,"isUseLookup":false,"lookup":[],"isMobileStyle":false,"style":{"width":"300px"},"spStyle":[],"attributes":{"type":"text"},"validations":[],"help":"","step":1,"fields":[]},{"type":"SINGLE_LINE_TEXT","code":"\uff92\uff72","label":"\u30e1\u30a4(\u5168\u89d2\u30ab\u30ca)","rowCount":1,"columnCount":1,"noLabel":false,"hide":false,"required":false,"editable":false,"maxValue":null,"minValue":null,"maxLength":0,"minLength":0,"defaultValue":"","options":[],"optionOrder":"horizontal","expression":null,"protocol":null,"isUseLookup":false,"lookup":[],"isMobileStyle":false,"style":{"width":"300px"},"spStyle":[],"attributes":{"type":"text"},"validations":[],"help":"","step":1,"fields":[]},{"type":"DROP_DOWN","code":"\u6027\u5225","label":"\u6027\u5225\uff08\u52b4\u50cd\u8005\uff09","rowCount":2,"columnCount":0,"noLabel":false,"hide":false,"required":false,"editable":false,"maxValue":null,"minValue":null,"maxLength":0,"minLength":0,"defaultValue":"","options":["\u7537","\u5973"],"optionOrder":"horizontal","expression":null,"protocol":"","isUseLookup":false,"lookup":{"view":[],"labelFields":[],"fieldMappings":[]},"isMobileStyle":false,"style":{"width":"300px"},"spStyle":[],"attributes":[],"validations":[],"help":"","step":5,"fields":[]},{"type":"LABEL","code":"label_1_1_1_1_1_1","label":"<p><strong style=\"color: rgb(230, 0, 0);\">\u52a0\u5165\u72b6\u614b\u3067\u30b9\u30c6\u30fc\u30bf\u30b9\u3092\u5909\u66f4\u3057\u305f\u3044\u5834\u5408\u306f\u4ee5\u4e0b\u306e\u30c9\u30ed\u30c3\u30d7\u30c0\u30a6\u30f3\u304b\u3089\u5909\u66f4\u3057\u3066\u304f\u3060\u3055\u3044\u3002<\/strong><\/p>","rowCount":3,"columnCount":0,"noLabel":false,"hide":false,"required":false,"editable":true,"maxValue":null,"minValue":null,"maxLength":0,"minLength":0,"defaultValue":"","options":[],"optionOrder":"horizontal","expression":null,"protocol":"","isUseLookup":false,"lookup":{"view":[],"labelFields":[],"fieldMappings":[]},"isMobileStyle":false,"style":{"width":"680px"},"spStyle":[],"attributes":[],"validations":[],"help":"","step":5,"fields":[]},{"type":"LABEL","code":"label_1_1_1_1_1_1_1","label":"<p><strong style=\"color: rgb(230, 0, 0);\" class=\"ql-size-large\">\u4f9d\u983c\u3059\u308b\u624b\u7d9a\u304d\u3092\u9078\u629e\u3057\u3066\u304f\u3060\u3055\u3044<\/strong><\/p>","rowCount":4,"columnCount":0,"noLabel":false,"hide":false,"required":false,"editable":true,"maxValue":null,"minValue":null,"maxLength":0,"minLength":0,"defaultValue":"","options":[],"optionOrder":"horizontal","expression":null,"protocol":"","isUseLookup":false,"lookup":{"view":[],"labelFields":[],"fieldMappings":[]},"isMobileStyle":false,"style":{"width":"405px"},"spStyle":[],"attributes":[],"validations":[],"help":"","step":5,"fields":[]},{"type":"DROP_DOWN","code":"\u30b9\u30c6\u30fc\u30bf\u30b95","label":"\u4f9d\u983c\u3059\u308b\u624b\u7d9a\u304d\u3092\u9078\u629e\u3057\u3066\u304f\u3060\u3055\u3044","rowCount":5,"columnCount":0,"noLabel":true,"hide":false,"required":true,"editable":true,"maxValue":null,"minValue":null,"maxLength":0,"minLength":0,"defaultValue":"\u65b0\u898f\u52a0\u5165","options":["\u65b0\u898f\u52a0\u5165"],"optionOrder":"horizontal","expression":null,"protocol":"","isUseLookup":false,"lookup":{"view":[],"labelFields":[],"fieldMappings":[]},"isMobileStyle":false,"style":{"width":"449px"},"spStyle":[],"attributes":[],"validations":[{"rule":"required","params":[]}],"help":"","step":5,"fields":[]},{"type":"NUMBER","code":"\u52a0\u5165\u8005\uff7a\uff70\uff84\uff9e","label":"\u793e\u54e1\u30b3\u30fc\u30c9(\u5065\u5eb7\u4fdd\u967a\u756a\u53f7\u53ef)","rowCount":6,"columnCount":0,"noLabel":false,"hide":false,"required":false,"editable":true,"maxValue":null,"minValue":null,"maxLength":null,"minLength":null,"defaultValue":"0","options":[],"optionOrder":"horizontal","expression":null,"protocol":null,"isUseLookup":false,"lookup":[],"isMobileStyle":false,"style":{"width":"362px"},"spStyle":[],"attributes":[],"validations":[],"help":"","step":1,"fields":[]},{"type":"SINGLE_LINE_TEXT","code":"NKR\u30e1\u30fc\u30eb\u30a2\u30c9\u30ec\u30b9","label":"NKR\u30e1\u30fc\u30eb\u30a2\u30c9\u30ec\u30b9","rowCount":7,"columnCount":0,"noLabel":false,"hide":true,"required":false,"editable":false,"maxValue":null,"minValue":null,"maxLength":0,"minLength":0,"defaultValue":"","options":[],"optionOrder":"horizontal","expression":null,"protocol":"MAIL","isUseLookup":false,"lookup":{"view":[],"labelFields":[],"fieldMappings":[]},"isMobileStyle":false,"style":{"width":"300px"},"spStyle":[],"attributes":{"type":"text"},"validations":[],"help":"","step":5,"fields":[]},{"type":"SINGLE_LINE_TEXT","code":"\u62c5\u5f53\u8005\u30e1\u30fc\u30eb\u30a2\u30c9\u30ec\u30b9","label":"\u62c5\u5f53\u8005\u30e1\u30fc\u30eb\u30a2\u30c9\u30ec\u30b9","rowCount":8,"columnCount":0,"noLabel":false,"hide":true,"required":false,"editable":false,"maxValue":null,"minValue":null,"maxLength":0,"minLength":0,"defaultValue":"","options":[],"optionOrder":"horizontal","expression":null,"protocol":"MAIL","isUseLookup":false,"lookup":{"view":[],"labelFields":[],"fieldMappings":[]},"isMobileStyle":false,"style":{"width":"300px"},"spStyle":[],"attributes":{"type":"text"},"validations":[],"help":"","step":5,"fields":[]},{"type":"SINGLE_LINE_TEXT","code":"NKR\u85e4\u4e95\u30e1\u30fc\u30eb\u30a2\u30c9\u30ec\u30b9","label":"NKR\u85e4\u4e95\u30e1\u30fc\u30eb\u30a2\u30c9\u30ec\u30b9","rowCount":9,"columnCount":0,"noLabel":true,"hide":true,"required":false,"editable":false,"maxValue":null,"minValue":null,"maxLength":0,"minLength":0,"defaultValue":"k-fujii@nkr-group.com","options":[],"optionOrder":"horizontal","expression":null,"protocol":"","isUseLookup":false,"lookup":{"view":[],"labelFields":[],"fieldMappings":[]},"isMobileStyle":false,"style":{"width":"300px"},"spStyle":[],"attributes":{"type":"text"},"validations":[],"help":"","step":5,"fields":[]},{"type":"SINGLE_LINE_TEXT","code":"NKR\u7b39\u4e95\u30e1\u30fc\u30eb\u30a2\u30c9\u30ec\u30b9","label":"NKR\u7b39\u4e95\u30e1\u30fc\u30eb\u30a2\u30c9\u30ec\u30b9","rowCount":10,"columnCount":0,"noLabel":true,"hide":true,"required":false,"editable":false,"maxValue":null,"minValue":null,"maxLength":0,"minLength":0,"defaultValue":"k-sasai@nkr-group.com","options":[],"optionOrder":"horizontal","expression":null,"protocol":"","isUseLookup":false,"lookup":{"view":[],"labelFields":[],"fieldMappings":[]},"isMobileStyle":false,"style":{"width":"300px"},"spStyle":[],"attributes":{"type":"text"},"validations":[],"help":"","step":5,"fields":[]},{"type":"LABEL","code":"label","label":"<h2><strong>\u52a0\u5165\u8005<\/strong><\/h2>","rowCount":11,"columnCount":0,"noLabel":false,"hide":false,"required":false,"editable":true,"maxValue":null,"minValue":null,"maxLength":0,"minLength":0,"defaultValue":"","options":[],"optionOrder":"horizontal","expression":null,"protocol":"","isUseLookup":false,"lookup":{"view":[],"labelFields":[],"fieldMappings":[]},"isMobileStyle":false,"style":{"width":"300px"},"spStyle":[],"attributes":[],"validations":[],"help":"","step":5,"fields":[]},{"type":"SINGLE_LINE_TEXT","code":"\u57fa\u790e\u5e74\u91d1\u756a\u53f7","label":"\u57fa\u790e\u5e74\u91d1\u756a\u53f7401k","rowCount":12,"columnCount":0,"noLabel":false,"hide":true,"required":false,"editable":true,"maxValue":null,"minValue":null,"maxLength":0,"minLength":0,"defaultValue":"","options":[],"optionOrder":"horizontal","expression":null,"protocol":"","isUseLookup":false,"lookup":{"view":[],"labelFields":[],"fieldMappings":[]},"isMobileStyle":false,"style":{"width":"406px"},"spStyle":[],"attributes":{"type":"text"},"validations":[],"help":"","step":5,"fields":[]},{"type":"LABEL","code":"\u52a0\u5165\u8005\u30e9\u30d9\u30eb","label":"<p><strong>\uff0a\u6bce\u670815\u65e5\u307e\u3067\u306e\u7533\u8fbc\u3067\u7fcc\u6708\uff11\u65e5\u52a0\u5165\u300215\u65e5\u3092\u904e\u304e\u308b\u3068\u7fcc\u3005\u67081\u65e5\u306e\u52a0\u5165\u3068\u306a\u308a\u307e\u3059\u3002<\/strong><\/p>","rowCount":13,"columnCount":0,"noLabel":false,"hide":false,"required":false,"editable":true,"maxValue":null,"minValue":null,"maxLength":0,"minLength":0,"defaultValue":"","options":[],"optionOrder":"horizontal","expression":null,"protocol":"","isUseLookup":false,"lookup":{"view":[],"labelFields":[],"fieldMappings":[]},"isMobileStyle":false,"style":{"width":"674px"},"spStyle":[],"attributes":[],"validations":[],"help":"","step":5,"fields":[]},{"type":"DATE","code":"\u8cc7\u683c\u53d6\u5f97\u65e5401k","label":"\u52a0\u5165\u8cc7\u683c\u53d6\u5f97\u5e74\u6708\u65e5","rowCount":14,"columnCount":0,"noLabel":false,"hide":false,"required":true,"editable":true,"maxValue":null,"minValue":null,"maxLength":0,"minLength":0,"defaultValue":"","options":[],"optionOrder":"horizontal","expression":null,"protocol":"","isUseLookup":false,"lookup":{"view":[],"labelFields":[],"fieldMappings":[]},"isMobileStyle":false,"style":{"width":"300px"},"spStyle":[],"attributes":[],"validations":[{"rule":"required","params":[]}],"help":"","step":5,"fields":[]},{"type":"LABEL","code":"\u6cd5\u4eba\u62e0\u51fa\u984d\u672c\u4eba\u62e0\u51fa\u984d\u306e\u5408\u8a08\u30e9\u30d9\u30eb","label":"<p><strong style=\"color: rgb(230, 0, 0);\">\u203b\u672c\u4eba\u62e0\u51fa\u984d\u304c3000\u5186\u4ee5\u4e0a55000\u5186\u4ee5\u5185\u3067\u3042\u308b\u3053\u3068\u3092\u3054\u78ba\u8a8d\u306e\u4e0a\u3001\u9001\u4fe1\u3057\u3066\u304f\u3060\u3055\u3044<\/strong><\/p>","rowCount":15,"columnCount":0,"noLabel":false,"hide":false,"required":false,"editable":true,"maxValue":null,"minValue":null,"maxLength":0,"minLength":0,"defaultValue":"","options":[],"optionOrder":"horizontal","expression":null,"protocol":"","isUseLookup":false,"lookup":{"view":[],"labelFields":[],"fieldMappings":[]},"isMobileStyle":false,"style":{"width":"684px"},"spStyle":[],"attributes":[],"validations":[],"help":"","step":5,"fields":[]},{"type":"DROP_DOWN","code":"\u672c\u4eba\u62e0\u51fa\u306e\u6709\u7121","label":"\u672c\u4eba\u62e0\u51fa\u306e\u6709\u7121","rowCount":16,"columnCount":0,"noLabel":false,"hide":true,"required":false,"editable":true,"maxValue":null,"minValue":null,"maxLength":0,"minLength":0,"defaultValue":"","options":["\u6709","\u7121"],"optionOrder":"horizontal","expression":null,"protocol":"","isUseLookup":false,"lookup":{"view":[],"labelFields":[],"fieldMappings":[]},"isMobileStyle":false,"style":{"width":"300px"},"spStyle":[],"attributes":[],"validations":[],"help":"","step":5,"fields":[]},{"type":"DROP_DOWN","code":"\u672c\u4eba\u62e0\u51fa\u984d","label":"\u672c\u4eba\u62e0\u51fa\u984d","rowCount":17,"columnCount":0,"noLabel":false,"hide":false,"required":true,"editable":true,"maxValue":null,"minValue":null,"maxLength":0,"minLength":0,"defaultValue":"","options":["3000","4000","5000","6000","7000","8000","9000","10000","11000","12000","13000","14000","15000","16000","17000","18000","19000","20000","21000","22000","23000","24000","25000","26000","27000","28000","29000","30000","31000","32000","33000","34000","35000","36000","37000","38000","39000","40000","41000","42000","43000","44000","45000","46000","47000","48000","49000","50000","51000","52000","53000","54000","55000"],"optionOrder":"horizontal","expression":null,"protocol":"","isUseLookup":false,"lookup":{"view":[],"labelFields":[],"fieldMappings":[]},"isMobileStyle":false,"style":{"width":"300px"},"spStyle":[],"attributes":[],"validations":[{"rule":"required","params":[]}],"help":"","step":5,"fields":[]},{"type":"DROP_DOWN","code":"\u6cd5\u4eba\u62e0\u51fa\u984d","label":"\u6cd5\u4eba\u62e0\u51fa\u984d","rowCount":17,"columnCount":1,"noLabel":false,"hide":true,"required":false,"editable":true,"maxValue":null,"minValue":null,"maxLength":0,"minLength":0,"defaultValue":"","options":["0","1000","2000","3000","4000","5000","6000","7000","8000","9000","10000","11000","12000","13000","14000","15000","16000","17000","18000","19000","20000","21000","22000","23000","24000","25000","26000","27000","28000","29000","30000","31000","32000","33000","34000","35000","36000","37000","38000","39000","40000","41000","42000","43000","44000","45000","46000","47000","48000","49000","50000"],"optionOrder":"horizontal","expression":null,"protocol":"","isUseLookup":false,"lookup":{"view":[],"labelFields":[],"fieldMappings":[]},"isMobileStyle":false,"style":{"width":"300px"},"spStyle":[],"attributes":[],"validations":[],"help":"","step":5,"fields":[]},{"type":"KVIEWER_LOOKUP","code":"kviewer_lookup\u52a0\u5165","label":"\u4f4f\u6240\u691c\u7d22(\u30cf\u30a4\u30d5\u30f3\u306a\u3057\u90f5\u4fbf\u756a\u53f7\u3092\u5165\u529b\u3057\u3066\u304f\u3060\u3055\u3044)","rowCount":18,"columnCount":0,"noLabel":false,"hide":true,"required":false,"editable":true,"maxValue":null,"minValue":null,"maxLength":0,"minLength":0,"defaultValue":"","options":[],"optionOrder":"horizontal","expression":null,"protocol":"","isUseLookup":true,"lookup":{"view":{"id":""},"labelFields":[],"fieldMappings":[]},"isMobileStyle":false,"style":{"width":"405px"},"spStyle":[],"attributes":[],"validations":[],"help":"","step":5,"fields":[]},{"type":"LABEL","code":"label\u52a0\u5165","label":"<p><strong style=\"color: rgba(0, 0, 0, 0.87);\">\u21d3\u691c\u7d22\u3055\u308c\u305f\u4f4f\u6240\u304c\u6b63\u3057\u3044\u3053\u3068\u3092\u78ba\u8a8d\u3057\u305f\u4e0a\u3067\u3001\u7d9a\u304d\u306e\u4f4f\u6240\u306e\u5165\u529b\u3092\u3057\u3066\u304f\u3060\u3055\u3044\u3002<\/strong><\/p>","rowCount":19,"columnCount":0,"noLabel":false,"hide":false,"required":false,"editable":true,"maxValue":null,"minValue":null,"maxLength":0,"minLength":0,"defaultValue":"","options":[],"optionOrder":"horizontal","expression":null,"protocol":"","isUseLookup":false,"lookup":{"view":[],"labelFields":[],"fieldMappings":[]},"isMobileStyle":false,"style":{"width":"651px"},"spStyle":[],"attributes":[],"validations":[],"help":"","step":5,"fields":[]},{"type":"SINGLE_LINE_TEXT","code":"\u90f5\u4fbf\u756a\u53f7","label":"\u90f5\u4fbf\u756a\u53f7","rowCount":20,"columnCount":0,"noLabel":false,"hide":false,"required":false,"editable":true,"maxValue":null,"minValue":null,"maxLength":0,"minLength":0,"defaultValue":"","options":[],"optionOrder":"horizontal","expression":null,"protocol":null,"isUseLookup":false,"lookup":{"view":[],"labelFields":[],"fieldMappings":[]},"isMobileStyle":false,"style":{"width":"303.33331298828125px"},"spStyle":[],"attributes":{"type":"text"},"validations":[],"help":"","step":5,"fields":[]},{"type":"SINGLE_LINE_TEXT","code":"\u4f4f\u6240","label":"\u4f4f\u6240\uff08\u90fd\u9053\u5e9c\u770c\u304b\u3089\uff09","rowCount":21,"columnCount":0,"noLabel":false,"hide":false,"required":false,"editable":true,"maxValue":null,"minValue":null,"maxLength":0,"minLength":0,"defaultValue":"","options":[],"optionOrder":"horizontal","expression":null,"protocol":null,"isUseLookup":false,"lookup":{"view":[],"labelFields":[],"fieldMappings":[]},"isMobileStyle":false,"style":{"width":"651.9999389648438px"},"spStyle":[],"attributes":{"type":"text"},"validations":[],"help":"","step":5,"fields":[]},{"type":"SINGLE_LINE_TEXT","code":"\u4f4f\u6240\uff8c\uff98\uff76\uff9e\uff85","label":"\u4f4f\u6240\u30d5\u30ea\u30ac\u30ca","rowCount":22,"columnCount":0,"noLabel":false,"hide":false,"required":false,"editable":true,"maxValue":null,"minValue":null,"maxLength":0,"minLength":0,"defaultValue":"","options":[],"optionOrder":"horizontal","expression":null,"protocol":null,"isUseLookup":false,"lookup":{"view":[],"labelFields":[],"fieldMappings":[]},"isMobileStyle":false,"style":{"width":"647.5415649414062px"},"spStyle":[],"attributes":{"type":"text"},"validations":[],"help":"","step":5,"fields":[]},{"type":"DATE","code":"\u55aa\u5931\u65e5401k","label":"\u9000\u8077\u65e5\u307e\u305f\u306f\u55aa\u5931\u65e5","rowCount":23,"columnCount":0,"noLabel":false,"hide":false,"required":true,"editable":true,"maxValue":null,"minValue":null,"maxLength":0,"minLength":0,"defaultValue":"","options":[],"optionOrder":"horizontal","expression":null,"protocol":"","isUseLookup":false,"lookup":{"view":[],"labelFields":[],"fieldMappings":[]},"isMobileStyle":false,"style":{"width":"300px"},"spStyle":[],"attributes":[],"validations":[{"rule":"required","params":[]}],"help":"","step":5,"fields":[]},{"type":"LABEL","code":"label_1","label":"<h2><strong>\u55aa\u5931<\/strong><\/h2>","rowCount":24,"columnCount":0,"noLabel":false,"hide":false,"required":false,"editable":true,"maxValue":null,"minValue":null,"maxLength":0,"minLength":0,"defaultValue":"","options":[],"optionOrder":"horizontal","expression":null,"protocol":"","isUseLookup":false,"lookup":{"view":[],"labelFields":[],"fieldMappings":[]},"isMobileStyle":false,"style":{"width":"300px"},"spStyle":[],"attributes":[],"validations":[],"help":"","step":5,"fields":[]},{"type":"LABEL","code":"label_1_1_1_1_1_1_1\u55aa\u5931","label":"<p>\u63d0\u51fa\u6642\u306b\u5fc5\u8981\u306a\u66f8\u985e\u3092UP\u3057\u3066\u304f\u3060\u3055\u3044\u3002<a href=\"https:\/\/nkr-group.app.box.com\/s\/bshihd7lu0jihflrw3f1p8bemrorktlq\" rel=\"noopener noreferrer\" target=\"_blank\">\u8a73\u7d30\u306f\u3053\u3061\u3089<\/a><\/p>","rowCount":25,"columnCount":0,"noLabel":false,"hide":false,"required":false,"editable":true,"maxValue":null,"minValue":null,"maxLength":0,"minLength":0,"defaultValue":"","options":[],"optionOrder":"horizontal","expression":null,"protocol":"","isUseLookup":false,"lookup":{"view":[],"labelFields":[],"fieldMappings":[]},"isMobileStyle":false,"style":{"width":"579px"},"spStyle":[],"attributes":[],"validations":[],"help":"","step":5,"fields":[]},{"type":"FILE","code":"\u6dfb\u4ed8\u30d5\u30a1\u30a4\u30eb","label":"\u55aa\u5931\u306b\u5fc5\u8981\u306a\u66f8\u985e\u3092UP\u3057\u3066\u304f\u3060\u3055\u3044\u3002","rowCount":26,"columnCount":0,"noLabel":true,"hide":false,"required":false,"editable":true,"maxValue":null,"minValue":null,"maxLength":0,"minLength":0,"defaultValue":"","options":[],"optionOrder":"horizontal","expression":null,"protocol":"","isUseLookup":false,"lookup":{"view":[],"labelFields":[],"fieldMappings":[]},"isMobileStyle":false,"style":{"width":"511px"},"spStyle":[],"attributes":[],"validations":[{"rule":"ext","params":[]}],"help":"","step":5,"fields":[]},{"type":"DROP_DOWN","code":"\u9000\u8077\u7406\u7531","label":"\u9000\u8077\u7406\u7531","rowCount":27,"columnCount":0,"noLabel":false,"hide":false,"required":false,"editable":true,"maxValue":null,"minValue":null,"maxLength":0,"minLength":0,"defaultValue":"","options":["\u81ea\u5df1\u90fd\u5408","\u4f1a\u793e\u90fd\u5408","\u61f2\u6212\u89e3\u96c7","\u5b9a\u5e74\u9000\u8077","\u6b7b\u4ea1","\u305d\u306e\u4ed6(\u5099\u8003\u306b\u8a73\u7d30\u3092\u304a\u66f8\u304d\u304f\u3060\u3055\u3044)"],"optionOrder":"horizontal","expression":null,"protocol":"","isUseLookup":false,"lookup":{"view":[],"labelFields":[],"fieldMappings":[]},"isMobileStyle":false,"style":{"width":"306.99993896484375px"},"spStyle":[],"attributes":[],"validations":[],"help":"","step":5,"fields":[]},{"type":"DATE","code":"\u8cc7\u683c\u55aa\u5931\u5e74\u9f62\u5230\u9054\u4e88\u5b9a\u65e5","label":"\u8cc7\u683c\u55aa\u5931\u5e74\u9f62\u5230\u9054\u4e88\u5b9a\u65e5","rowCount":28,"columnCount":0,"noLabel":false,"hide":false,"required":false,"editable":true,"maxValue":null,"minValue":null,"maxLength":null,"minLength":null,"defaultValue":"","options":[],"optionOrder":"horizontal","expression":null,"protocol":null,"isUseLookup":false,"lookup":[],"isMobileStyle":false,"style":{"width":"300px"},"spStyle":[],"attributes":[],"validations":[],"help":"","step":1,"fields":[]},{"type":"SINGLE_LINE_TEXT","code":"\u5099\u8003401k","label":"\u5099\u8003","rowCount":29,"columnCount":0,"noLabel":false,"hide":false,"required":false,"editable":true,"maxValue":null,"minValue":null,"maxLength":0,"minLength":0,"defaultValue":"","options":[],"optionOrder":"horizontal","expression":null,"protocol":"","isUseLookup":false,"lookup":{"view":[],"labelFields":[],"fieldMappings":[]},"isMobileStyle":false,"style":{"width":"651.3333740234375px"},"spStyle":[],"attributes":{"type":"text"},"validations":[],"help":"","step":5,"fields":[]},{"type":"LABEL","code":"label_1_1","label":"<h2><strong>\u639b\u91d1\u5909\u66f4<\/strong><\/h2>","rowCount":30,"columnCount":0,"noLabel":false,"hide":false,"required":false,"editable":true,"maxValue":null,"minValue":null,"maxLength":0,"minLength":0,"defaultValue":"","options":[],"optionOrder":"horizontal","expression":null,"protocol":"","isUseLookup":false,"lookup":{"view":[],"labelFields":[],"fieldMappings":[]},"isMobileStyle":false,"style":{"width":"300px"},"spStyle":[],"attributes":[],"validations":[],"help":"","step":5,"fields":[]},{"type":"LABEL","code":"\u639b\u91d1\u5909\u66f4\u30e9\u30d9\u30eb","label":"<p><strong>\uff0a\u6bce\u670815\u65e5\u307e\u3067\u306e\u7533\u8fbc\u3067\u7fcc\u6708\uff11\u65e5\u52a0\u5165<\/strong><\/p>","rowCount":31,"columnCount":0,"noLabel":false,"hide":false,"required":false,"editable":true,"maxValue":null,"minValue":null,"maxLength":0,"minLength":0,"defaultValue":"","options":[],"optionOrder":"horizontal","expression":null,"protocol":"","isUseLookup":false,"lookup":{"view":[],"labelFields":[],"fieldMappings":[]},"isMobileStyle":false,"style":{"width":"472.66668701171875px"},"spStyle":[],"attributes":[],"validations":[],"help":"","step":5,"fields":[]},{"type":"DATE","code":"\u5909\u66f4\u65e5401k","label":"\u5bfe\u8c61\u62e0\u51fa\u5e74\u6708","rowCount":32,"columnCount":0,"noLabel":false,"hide":false,"required":true,"editable":true,"maxValue":null,"minValue":null,"maxLength":0,"minLength":0,"defaultValue":"","options":[],"optionOrder":"horizontal","expression":null,"protocol":"","isUseLookup":false,"lookup":{"view":[],"labelFields":[],"fieldMappings":[]},"isMobileStyle":false,"style":{"width":"300px"},"spStyle":[],"attributes":[],"validations":[{"rule":"required","params":[]}],"help":"","step":5,"fields":[]},{"type":"LABEL","code":"label_1_1_1_1_1_1_1\u639b\u91d1\u5909\u66f4","label":"<p><span style=\"color: rgb(230, 0, 0);\">\u6cd5\u4eba\u62e0\u51fa\u30fb\u672c\u4eba\u62e0\u51fa\u5408\u7b97\u30673000\u5186\u672a\u6e80\u3067\u306f\u7533\u8fbc\u3067\u304d\u307e\u305b\u3093<\/span><\/p>","rowCount":33,"columnCount":0,"noLabel":false,"hide":false,"required":false,"editable":true,"maxValue":null,"minValue":null,"maxLength":0,"minLength":0,"defaultValue":"","options":[],"optionOrder":"horizontal","expression":null,"protocol":"","isUseLookup":false,"lookup":{"view":[],"labelFields":[],"fieldMappings":[]},"isMobileStyle":false,"style":{"width":"494.3333740234375px"},"spStyle":[],"attributes":[],"validations":[],"help":"","step":5,"fields":[]},{"type":"DROP_DOWN","code":"\u672c\u4eba\u62e0\u51fa\u984d\u5909\u66f4\u5f8c\u306e\u91d1\u984d","label":"\u672c\u4eba\u62e0\u51fa\u984d\u5909\u66f4\u5f8c\u306e\u91d1\u984d","rowCount":34,"columnCount":0,"noLabel":false,"hide":false,"required":true,"editable":true,"maxValue":null,"minValue":null,"maxLength":0,"minLength":0,"defaultValue":"","options":["\u5909\u66f4\u306a\u3057","0","1000","2000","3000","4000","5000","6000","7000","8000","9000","10000","11000","12000","13000","14000","15000","16000","17000","18000","19000","20000","21000","22000","23000","24000","25000","26000","27000","28000","29000","30000","31000","32000","33000","34000","35000","36000","37000","38000","39000","40000","41000","42000","43000","44000","45000","46000","47000","48000","49000","50000","51000","52000","53000","54000","55000"],"optionOrder":"horizontal","expression":null,"protocol":"","isUseLookup":false,"lookup":{"view":[],"labelFields":[],"fieldMappings":[]},"isMobileStyle":false,"style":{"width":"300px"},"spStyle":[],"attributes":[],"validations":[{"rule":"required","params":[]}],"help":"","step":5,"fields":[]},{"type":"DROP_DOWN","code":"\u639b\u91d1\u5909\u66f4\u5f8c\u306e\u91d1\u984d","label":"\u6cd5\u4eba\u62e0\u51fa\u984d\u5909\u66f4\u5f8c\u306e\u91d1\u984d","rowCount":34,"columnCount":1,"noLabel":false,"hide":false,"required":true,"editable":true,"maxValue":null,"minValue":null,"maxLength":0,"minLength":0,"defaultValue":"","options":["\u5909\u66f4\u306a\u3057","0","1000","2000","3000","4000","5000","6000","7000","8000","9000","10000","11000","12000","13000","14000","15000","16000","17000","18000","19000","20000","21000","22000","23000","24000","25000","26000","27000","28000","29000","30000","31000","32000","33000","34000","35000","36000","37000","38000","39000","40000","41000","42000","43000","44000","45000","46000","47000","48000","49000","50000","51000","52000","53000","54000","55000"],"optionOrder":"horizontal","expression":null,"protocol":"","isUseLookup":false,"lookup":{"view":[],"labelFields":[],"fieldMappings":[]},"isMobileStyle":false,"style":{"width":"300px"},"spStyle":[],"attributes":[],"validations":[{"rule":"required","params":[]}],"help":"","step":5,"fields":[]},{"type":"LABEL","code":"label_1_1_1","label":"<h2><strong>\u4f11\u8077\u30fb\u80b2\u4f11<\/strong><\/h2>","rowCount":35,"columnCount":0,"noLabel":false,"hide":false,"required":false,"editable":true,"maxValue":null,"minValue":null,"maxLength":0,"minLength":0,"defaultValue":"","options":[],"optionOrder":"horizontal","expression":null,"protocol":"","isUseLookup":false,"lookup":{"view":[],"labelFields":[],"fieldMappings":[]},"isMobileStyle":false,"style":{"width":"300px"},"spStyle":[],"attributes":[],"validations":[],"help":"","step":5,"fields":[]},{"type":"LABEL","code":"\u4f11\u8077\u30e9\u30d9\u30eb","label":"<p><strong>\uff0a\u6bce\u670815\u65e5\u307e\u3067\u306e\u7533\u8fbc\u3067\u7fcc\u6708\uff11\u65e5\u52a0\u5165<\/strong><\/p>","rowCount":36,"columnCount":0,"noLabel":false,"hide":false,"required":false,"editable":true,"maxValue":null,"minValue":null,"maxLength":0,"minLength":0,"defaultValue":"","options":[],"optionOrder":"horizontal","expression":null,"protocol":"","isUseLookup":false,"lookup":{"view":[],"labelFields":[],"fieldMappings":[]},"isMobileStyle":false,"style":{"width":"522.0000610351562px"},"spStyle":[],"attributes":[],"validations":[],"help":"","step":5,"fields":[]},{"type":"DATE","code":"\u4f11\u8077\u80b2\u4f11\u958b\u59cb\u65e5","label":"\u4f11\u6b62\u3059\u308b\u62e0\u51fa\u5e74\u6708","rowCount":37,"columnCount":0,"noLabel":false,"hide":false,"required":true,"editable":true,"maxValue":null,"minValue":null,"maxLength":0,"minLength":0,"defaultValue":"","options":[],"optionOrder":"horizontal","expression":null,"protocol":"","isUseLookup":false,"lookup":{"view":[],"labelFields":[],"fieldMappings":[]},"isMobileStyle":false,"style":{"width":"300px"},"spStyle":[],"attributes":[],"validations":[{"rule":"required","params":[]}],"help":"","step":5,"fields":[]},{"type":"RADIO_BUTTON","code":"\u639b\u91d1\u306e\u505c\u6b62\u5e0c\u671b\u306e\u6709\u7121","label":"\u639b\u91d1\u505c\u6b62\u5e0c\u671b\u306e\u6709\u7121","rowCount":38,"columnCount":0,"noLabel":false,"hide":false,"required":true,"editable":true,"maxValue":null,"minValue":null,"maxLength":0,"minLength":0,"defaultValue":"","options":["\u6709","\u7121"],"optionOrder":"horizontal","expression":null,"protocol":"","isUseLookup":false,"lookup":{"view":[],"labelFields":[],"fieldMappings":[]},"isMobileStyle":false,"style":{"width":"352.6666259765625px"},"spStyle":[],"attributes":[],"validations":[{"rule":"required","params":[]}],"help":"","step":5,"fields":[]},{"type":"LABEL","code":"label_1_1_1_1","label":"<h2><strong>\u5fa9\u8077<\/strong><\/h2>","rowCount":39,"columnCount":0,"noLabel":false,"hide":false,"required":false,"editable":true,"maxValue":null,"minValue":null,"maxLength":0,"minLength":0,"defaultValue":"","options":[],"optionOrder":"horizontal","expression":null,"protocol":"","isUseLookup":false,"lookup":{"view":[],"labelFields":[],"fieldMappings":[]},"isMobileStyle":false,"style":{"width":"300px"},"spStyle":[],"attributes":[],"validations":[],"help":"","step":5,"fields":[]},{"type":"LABEL","code":"\u5fa9\u8077\u30e9\u30d9\u30eb","label":"<p><strong>\uff0a\u6bce\u670815\u65e5\u307e\u3067\u306e\u7533\u8fbc\u3067\u7fcc\u6708\uff11\u65e5\u52a0\u5165<\/strong><\/p>","rowCount":40,"columnCount":0,"noLabel":false,"hide":false,"required":false,"editable":true,"maxValue":null,"minValue":null,"maxLength":0,"minLength":0,"defaultValue":"","options":[],"optionOrder":"horizontal","expression":null,"protocol":"","isUseLookup":false,"lookup":{"view":[],"labelFields":[],"fieldMappings":[]},"isMobileStyle":false,"style":{"width":"482.666748046875px"},"spStyle":[],"attributes":[],"validations":[],"help":"","step":5,"fields":[]},{"type":"DATE","code":"\u5fa9\u8077\u958b\u59cb\u5e74\u6708\u65e5","label":"\u518d\u958b\u3059\u308b\u62e0\u51fa\u5e74\u6708","rowCount":41,"columnCount":0,"noLabel":false,"hide":false,"required":true,"editable":true,"maxValue":null,"minValue":null,"maxLength":0,"minLength":0,"defaultValue":"","options":[],"optionOrder":"horizontal","expression":null,"protocol":"","isUseLookup":false,"lookup":{"view":[],"labelFields":[],"fieldMappings":[]},"isMobileStyle":false,"style":{"width":"300px"},"spStyle":[],"attributes":[],"validations":[{"rule":"required","params":[]}],"help":"","step":5,"fields":[]},{"type":"DROP_DOWN","code":"\u518d\u958b\u5f8c\u639b\u91d1","label":"\u518d\u958b\u5f8c\u306e\u672c\u4eba\u62e0\u51fa\u984d","rowCount":42,"columnCount":0,"noLabel":false,"hide":false,"required":true,"editable":true,"maxValue":null,"minValue":null,"maxLength":0,"minLength":0,"defaultValue":"","options":["\u5909\u66f4\u306a\u3057","0","1000","2000","3000","4000","5000","6000","7000","8000","9000","10000","11000","12000","13000","14000","15000","16000","17000","18000","19000","20000","21000","22000","23000","24000","25000","26000","27000","28000","29000","30000","31000","32000","33000","34000","35000","36000","37000","38000","39000","40000","41000","42000","43000","44000","45000","46000","47000","48000","49000","50000","51000","52000","53000","54000","55000"],"optionOrder":"horizontal","expression":null,"protocol":"","isUseLookup":false,"lookup":{"view":[],"labelFields":[],"fieldMappings":[]},"isMobileStyle":false,"style":{"width":"300px"},"spStyle":[],"attributes":[],"validations":[{"rule":"required","params":[]}],"help":"","step":5,"fields":[]},{"type":"LABEL","code":"label_1_1_1_1_1","label":"<h2><strong>\u4f4f\u6240\u30fb\u6c0f\u540d\u5909\u66f4<\/strong><\/h2>","rowCount":43,"columnCount":0,"noLabel":false,"hide":false,"required":false,"editable":true,"maxValue":null,"minValue":null,"maxLength":0,"minLength":0,"defaultValue":"","options":[],"optionOrder":"horizontal","expression":null,"protocol":"","isUseLookup":false,"lookup":{"view":[],"labelFields":[],"fieldMappings":[]},"isMobileStyle":false,"style":{"width":"300px"},"spStyle":[],"attributes":[],"validations":[],"help":"","step":5,"fields":[]},{"type":"SINGLE_LINE_TEXT","code":"\u5909\u66f4\u5f8c\u59d3_0","label":"\u5909\u66f4\u5f8c\u306e\u59d3\uff08\u52b4\u50cd\u8005\uff09","rowCount":44,"columnCount":0,"noLabel":false,"hide":false,"required":false,"editable":true,"maxValue":null,"minValue":null,"maxLength":0,"minLength":0,"defaultValue":"","options":[],"optionOrder":"horizontal","expression":null,"protocol":null,"isUseLookup":false,"lookup":{"view":[],"labelFields":[],"fieldMappings":[]},"isMobileStyle":false,"style":{"width":"300px"},"spStyle":[],"attributes":{"type":"text"},"validations":[],"help":"","step":5,"fields":[]},{"type":"SINGLE_LINE_TEXT","code":"\u5909\u66f4\u5f8c\u540d_0","label":"\u5909\u66f4\u5f8c\u540d\uff08\u52b4\u50cd\u8005\uff09","rowCount":44,"columnCount":1,"noLabel":false,"hide":false,"required":false,"editable":true,"maxValue":null,"minValue":null,"maxLength":0,"minLength":0,"defaultValue":"","options":[],"optionOrder":"horizontal","expression":null,"protocol":null,"isUseLookup":false,"lookup":{"view":[],"labelFields":[],"fieldMappings":[]},"isMobileStyle":false,"style":{"width":"300px"},"spStyle":[],"attributes":{"type":"text"},"validations":[],"help":"","step":5,"fields":[]},{"type":"SINGLE_LINE_TEXT","code":"\u5909\u66f4\u5f8c\u59d3\u534a\u89d2_0","label":"\u5909\u66f4\u5f8c\u30bb\u30a4(\u5168\u89d2\u30ab\u30ca\uff09\uff08\u52b4\u50cd\u8005\uff09","rowCount":45,"columnCount":0,"noLabel":false,"hide":false,"required":false,"editable":true,"maxValue":null,"minValue":null,"maxLength":0,"minLength":0,"defaultValue":"","options":[],"optionOrder":"horizontal","expression":null,"protocol":null,"isUseLookup":false,"lookup":{"view":[],"labelFields":[],"fieldMappings":[]},"isMobileStyle":false,"style":{"width":"300px"},"spStyle":[],"attributes":{"type":"text"},"validations":[],"help":"","step":5,"fields":[]},{"type":"SINGLE_LINE_TEXT","code":"\u5909\u66f4\u5f8c\u540d\u534a\u89d2_0","label":"\u5909\u66f4\u5f8c\u30e1\u30a4(\u5168\u89d2\u30ab\u30ca)\uff08\u52b4\u50cd\u8005\uff09","rowCount":45,"columnCount":1,"noLabel":false,"hide":false,"required":false,"editable":true,"maxValue":null,"minValue":null,"maxLength":0,"minLength":0,"defaultValue":"","options":[],"optionOrder":"horizontal","expression":null,"protocol":null,"isUseLookup":false,"lookup":{"view":[],"labelFields":[],"fieldMappings":[]},"isMobileStyle":false,"style":{"width":"300px"},"spStyle":[],"attributes":{"type":"text"},"validations":[],"help":"","step":5,"fields":[]},{"type":"KVIEWER_LOOKUP","code":"kviewer_lookup\u4f4f\u6240\u6c0f\u540d\u5909\u66f4","label":"\u4f4f\u6240\u691c\u7d22(\u30cf\u30a4\u30d5\u30f3\u306a\u3057\u90f5\u4fbf\u756a\u53f7\u3092\u5165\u529b\u3057\u3066\u304f\u3060\u3055\u3044)","rowCount":46,"columnCount":0,"noLabel":false,"hide":true,"required":false,"editable":true,"maxValue":null,"minValue":null,"maxLength":0,"minLength":0,"defaultValue":"","options":[],"optionOrder":"horizontal","expression":null,"protocol":"","isUseLookup":true,"lookup":{"view":{"id":""},"labelFields":[],"fieldMappings":[]},"isMobileStyle":false,"style":{"width":"375.66668701171875px"},"spStyle":[],"attributes":[],"validations":[],"help":"","step":5,"fields":[]},{"type":"LABEL","code":"\u4f4f\u6240\u6c0f\u540d\u5909\u66f4\u30e9\u30d9\u30eb2","label":"<p><strong style=\"color: rgba(0, 0, 0, 0.87);\">\u21d3\u691c\u7d22\u3055\u308c\u305f\u4f4f\u6240\u304c\u6b63\u3057\u3044\u3053\u3068\u3092\u78ba\u8a8d\u3057\u305f\u4e0a\u3067\u3001\u7d9a\u304d\u306e\u4f4f\u6240\u306e\u5165\u529b\u3092\u3057\u3066\u304f\u3060\u3055\u3044\u3002<\/strong><\/p>","rowCount":47,"columnCount":0,"noLabel":false,"hide":false,"required":false,"editable":true,"maxValue":null,"minValue":null,"maxLength":0,"minLength":0,"defaultValue":"","options":[],"optionOrder":"horizontal","expression":null,"protocol":"","isUseLookup":false,"lookup":{"view":[],"labelFields":[],"fieldMappings":[]},"isMobileStyle":false,"style":{"width":"620px"},"spStyle":[],"attributes":[],"validations":[],"help":"","step":5,"fields":[]},{"type":"SINGLE_LINE_TEXT","code":"\u5909\u66f4\u5f8c\u90f5\u4fbf\u756a\u53f7_0","label":"\u5909\u66f4\u5f8c\u90f5\u4fbf\u756a\u53f7","rowCount":48,"columnCount":0,"noLabel":false,"hide":false,"required":false,"editable":true,"maxValue":null,"minValue":null,"maxLength":0,"minLength":0,"defaultValue":"","options":[],"optionOrder":"horizontal","expression":null,"protocol":null,"isUseLookup":false,"lookup":{"view":[],"labelFields":[],"fieldMappings":[]},"isMobileStyle":false,"style":{"width":"300px"},"spStyle":[],"attributes":{"type":"text"},"validations":[],"help":"","step":5,"fields":[]},{"type":"SINGLE_LINE_TEXT","code":"\u5909\u66f4\u5f8c\u4f4f\u6240_0","label":"\u5909\u66f4\u5f8c\u4f4f\u6240(\u90fd\u9053\u5e9c\u770c\u304b\u3089)","rowCount":49,"columnCount":0,"noLabel":false,"hide":false,"required":false,"editable":true,"maxValue":null,"minValue":null,"maxLength":0,"minLength":0,"defaultValue":"","options":[],"optionOrder":"horizontal","expression":null,"protocol":null,"isUseLookup":false,"lookup":{"view":[],"labelFields":[],"fieldMappings":[]},"isMobileStyle":false,"style":{"width":"614px"},"spStyle":[],"attributes":{"type":"text"},"validations":[],"help":"","step":5,"fields":[]},{"type":"SINGLE_LINE_TEXT","code":"\u5909\u66f4\u5f8c\u4f4f\u6240\u30d5\u30ea\u30ac\u30ca_0","label":"\u5909\u66f4\u5f8c\u4f4f\u6240(\u5168\u89d2\u30d5\u30ea\u30ac\u30ca)","rowCount":50,"columnCount":0,"noLabel":false,"hide":false,"required":false,"editable":true,"maxValue":null,"minValue":null,"maxLength":0,"minLength":0,"defaultValue":"","options":[],"optionOrder":"horizontal","expression":null,"protocol":null,"isUseLookup":false,"lookup":{"view":[],"labelFields":[],"fieldMappings":[]},"isMobileStyle":false,"style":{"width":"615.3333740234375px"},"spStyle":[],"attributes":{"type":"text"},"validations":[],"help":"","step":5,"fields":[]},{"type":"SUBTABLE","code":"\u52a0\u5165401k","label":"\u52a0\u5165","rowCount":51,"columnCount":0,"noLabel":true,"hide":true,"required":false,"editable":true,"maxValue":null,"minValue":null,"maxLength":null,"minLength":null,"defaultValue":"","options":[],"optionOrder":"horizontal","expression":null,"protocol":null,"isUseLookup":false,"lookup":{"view":[],"labelFields":[],"fieldMappings":[]},"isMobileStyle":false,"style":[],"spStyle":[],"attributes":[],"validations":[],"help":"","step":5,"fields":[{"type":"SINGLE_LINE_TEXT","code":"\u9023\u7d61\u65e5\u6642\u52a0\u5165","label":"\u9023\u7d61\u65e5\u6642","rowCount":10,"columnCount":0,"noLabel":false,"hide":false,"required":false,"editable":true,"maxValue":null,"minValue":null,"maxLength":0,"minLength":0,"defaultValue":"","options":[],"optionOrder":"horizontal","expression":null,"protocol":null,"isUseLookup":false,"lookup":{"view":[],"labelFields":[],"fieldMappings":[]},"isMobileStyle":false,"style":{"width":"300px"},"spStyle":[],"attributes":{"type":"text"},"validations":[],"help":"","step":5},{"type":"DATE","code":"\u8cc7\u683c\u53d6\u5f97\u958b\u59cb\u65e5","label":"\u8cc7\u683c\u53d6\u5f97\u958b\u59cb\u65e5","rowCount":10,"columnCount":1,"noLabel":false,"hide":false,"required":false,"editable":true,"maxValue":null,"minValue":null,"maxLength":0,"minLength":0,"defaultValue":"","options":[],"optionOrder":"horizontal","expression":null,"protocol":null,"isUseLookup":false,"lookup":{"view":[],"labelFields":[],"fieldMappings":[]},"isMobileStyle":false,"style":{"width":"300px"},"spStyle":[],"attributes":[],"validations":[],"help":"","step":5},{"type":"SINGLE_LINE_TEXT","code":"\u672c\u4eba\u62e0\u51fa\u306e\u6709\u7121\u52a0\u5165","label":"\u672c\u4eba\u62e0\u51fa\u306e\u6709\u7121","rowCount":10,"columnCount":2,"noLabel":false,"hide":false,"required":false,"editable":true,"maxValue":null,"minValue":null,"maxLength":0,"minLength":0,"defaultValue":"","options":[],"optionOrder":"horizontal","expression":null,"protocol":null,"isUseLookup":false,"lookup":{"view":[],"labelFields":[],"fieldMappings":[]},"isMobileStyle":false,"style":{"width":"300px"},"spStyle":[],"attributes":{"type":"text"},"validations":[],"help":"","step":5},{"type":"SINGLE_LINE_TEXT","code":"\u672c\u4eba\u62e0\u51fa\u984d\u52a0\u5165","label":"\u672c\u4eba\u62e0\u51fa\u984d","rowCount":10,"columnCount":3,"noLabel":false,"hide":false,"required":false,"editable":true,"maxValue":null,"minValue":null,"maxLength":0,"minLength":0,"defaultValue":"","options":[],"optionOrder":"horizontal","expression":null,"protocol":null,"isUseLookup":false,"lookup":{"view":[],"labelFields":[],"fieldMappings":[]},"isMobileStyle":false,"style":{"width":"300px"},"spStyle":[],"attributes":{"type":"text"},"validations":[],"help":"","step":5},{"type":"SINGLE_LINE_TEXT","code":"\u6cd5\u4eba\u62e0\u51fa\u984d\u52a0\u5165","label":"\u6cd5\u4eba\u62e0\u51fa\u984d","rowCount":10,"columnCount":4,"noLabel":false,"hide":false,"required":false,"editable":true,"maxValue":null,"minValue":null,"maxLength":0,"minLength":0,"defaultValue":"","options":[],"optionOrder":"horizontal","expression":null,"protocol":null,"isUseLookup":false,"lookup":{"view":[],"labelFields":[],"fieldMappings":[]},"isMobileStyle":false,"style":{"width":"300px"},"spStyle":[],"attributes":{"type":"text"},"validations":[],"help":"","step":5},{"type":"DROP_DOWN","code":"\u624b\u7d9a\u304d\u52a0\u5165","label":"\u624b\u7d9a\u304d\u72b6\u6cc1","rowCount":10,"columnCount":5,"noLabel":false,"hide":false,"required":false,"editable":true,"maxValue":null,"minValue":null,"maxLength":0,"minLength":0,"defaultValue":"","options":["\u624b\u7d9a\u304d\u4e2d","\u624b\u7d9a\u304d\u6e08\u307f"],"optionOrder":"horizontal","expression":null,"protocol":null,"isUseLookup":false,"lookup":{"view":[],"labelFields":[],"fieldMappings":[]},"isMobileStyle":false,"style":{"width":"300px"},"spStyle":[],"attributes":[],"validations":[],"help":"","step":5}]},{"type":"SUBTABLE","code":"\u55aa\u5931401k","label":"\u55aa\u5931","rowCount":52,"columnCount":0,"noLabel":true,"hide":true,"required":false,"editable":true,"maxValue":null,"minValue":null,"maxLength":null,"minLength":null,"defaultValue":"","options":[],"optionOrder":"horizontal","expression":null,"protocol":null,"isUseLookup":false,"lookup":{"view":[],"labelFields":[],"fieldMappings":[]},"isMobileStyle":false,"style":[],"spStyle":[],"attributes":[],"validations":[],"help":"","step":5,"fields":[{"type":"SINGLE_LINE_TEXT","code":"\u9023\u7d61\u65e5\u6642\u55aa\u5931","label":"\u9023\u7d61\u65e5\u6642","rowCount":11,"columnCount":0,"noLabel":false,"hide":false,"required":false,"editable":true,"maxValue":null,"minValue":null,"maxLength":0,"minLength":0,"defaultValue":"","options":[],"optionOrder":"horizontal","expression":null,"protocol":null,"isUseLookup":false,"lookup":{"view":[],"labelFields":[],"fieldMappings":[]},"isMobileStyle":false,"style":{"width":"300px"},"spStyle":[],"attributes":{"type":"text"},"validations":[],"help":"","step":5},{"type":"SINGLE_LINE_TEXT","code":"\u9000\u8077\u7406\u7531\u55aa\u5931","label":"\u9000\u8077\u7406\u7531","rowCount":11,"columnCount":1,"noLabel":false,"hide":false,"required":false,"editable":true,"maxValue":null,"minValue":null,"maxLength":0,"minLength":0,"defaultValue":"","options":[],"optionOrder":"horizontal","expression":null,"protocol":null,"isUseLookup":false,"lookup":{"view":[],"labelFields":[],"fieldMappings":[]},"isMobileStyle":false,"style":{"width":"300px"},"spStyle":[],"attributes":{"type":"text"},"validations":[],"help":"","step":5},{"type":"DATE","code":"\u8cc7\u683c\u55aa\u5931\u65e5\u55aa\u5931","label":"\u8cc7\u683c\u55aa\u5931\u65e5","rowCount":11,"columnCount":2,"noLabel":false,"hide":false,"required":false,"editable":true,"maxValue":null,"minValue":null,"maxLength":0,"minLength":0,"defaultValue":"","options":[],"optionOrder":"horizontal","expression":null,"protocol":null,"isUseLookup":false,"lookup":{"view":[],"labelFields":[],"fieldMappings":[]},"isMobileStyle":false,"style":{"width":"300px"},"spStyle":[],"attributes":[],"validations":[],"help":"","step":5},{"type":"FILE","code":"\u63d0\u51fa\u66f8\u985e\u55aa\u5931","label":"\u55aa\u5931\u6642\u63d0\u51fa\u66f8\u985e","rowCount":11,"columnCount":3,"noLabel":false,"hide":false,"required":false,"editable":true,"maxValue":null,"minValue":null,"maxLength":0,"minLength":0,"defaultValue":"","options":[],"optionOrder":"horizontal","expression":null,"protocol":null,"isUseLookup":false,"lookup":{"view":[],"labelFields":[],"fieldMappings":[]},"isMobileStyle":false,"style":{"width":"300px"},"spStyle":[],"attributes":[],"validations":[{"rule":"ext","params":[]}],"help":"","step":5},{"type":"SINGLE_LINE_TEXT","code":"\u5099\u8003\u55aa\u5931","label":"\u5099\u8003","rowCount":11,"columnCount":4,"noLabel":false,"hide":false,"required":false,"editable":true,"maxValue":null,"minValue":null,"maxLength":0,"minLength":0,"defaultValue":"","options":[],"optionOrder":"horizontal","expression":null,"protocol":null,"isUseLookup":false,"lookup":{"view":[],"labelFields":[],"fieldMappings":[]},"isMobileStyle":false,"style":{"width":"300px"},"spStyle":[],"attributes":{"type":"text"},"validations":[],"help":"","step":5},{"type":"DROP_DOWN","code":"\u624b\u7d9a\u304d\u55aa\u5931","label":"\u624b\u7d9a\u304d\u72b6\u6cc1","rowCount":11,"columnCount":5,"noLabel":false,"hide":false,"required":false,"editable":true,"maxValue":null,"minValue":null,"maxLength":0,"minLength":0,"defaultValue":"","options":["\u624b\u7d9a\u304d\u4e2d","\u624b\u7d9a\u304d\u6e08\u307f"],"optionOrder":"horizontal","expression":null,"protocol":null,"isUseLookup":false,"lookup":{"view":[],"labelFields":[],"fieldMappings":[]},"isMobileStyle":false,"style":{"width":"300px"},"spStyle":[],"attributes":[],"validations":[],"help":"","step":5}]},{"type":"SUBTABLE","code":"\u639b\u91d1\u5909\u66f4401k","label":"\u639b\u91d1\u5909\u66f4","rowCount":53,"columnCount":0,"noLabel":true,"hide":true,"required":false,"editable":true,"maxValue":null,"minValue":null,"maxLength":null,"minLength":null,"defaultValue":"","options":[],"optionOrder":"horizontal","expression":null,"protocol":null,"isUseLookup":false,"lookup":{"view":[],"labelFields":[],"fieldMappings":[]},"isMobileStyle":false,"style":[],"spStyle":[],"attributes":[],"validations":[],"help":"","step":5,"fields":[{"type":"SINGLE_LINE_TEXT","code":"\u9023\u7d61\u65e5\u6642\u639b\u91d1\u5909\u66f4","label":"\u9023\u7d61\u65e5\u6642","rowCount":12,"columnCount":0,"noLabel":false,"hide":false,"required":false,"editable":true,"maxValue":null,"minValue":null,"maxLength":0,"minLength":0,"defaultValue":"","options":[],"optionOrder":"horizontal","expression":null,"protocol":null,"isUseLookup":false,"lookup":{"view":[],"labelFields":[],"fieldMappings":[]},"isMobileStyle":false,"style":{"width":"300px"},"spStyle":[],"attributes":{"type":"text"},"validations":[],"help":"","step":5},{"type":"DATE","code":"\u639b\u91d1\u5909\u66f4\u65e5","label":"\u639b\u91d1\u5909\u66f4\u65e5","rowCount":12,"columnCount":1,"noLabel":false,"hide":false,"required":false,"editable":true,"maxValue":null,"minValue":null,"maxLength":0,"minLength":0,"defaultValue":"","options":[],"optionOrder":"horizontal","expression":null,"protocol":null,"isUseLookup":false,"lookup":{"view":[],"labelFields":[],"fieldMappings":[]},"isMobileStyle":false,"style":{"width":"300px"},"spStyle":[],"attributes":[],"validations":[],"help":"","step":5},{"type":"SINGLE_LINE_TEXT","code":"\u672c\u4eba\u62e0\u51fa\u984d\u639b\u91d1\u5909\u66f4","label":"\u672c\u4eba\u62e0\u51fa\u984d\u5909\u66f4\u5f8c\u306e\u91d1\u984d","rowCount":12,"columnCount":2,"noLabel":false,"hide":false,"required":false,"editable":true,"maxValue":null,"minValue":null,"maxLength":0,"minLength":0,"defaultValue":"","options":[],"optionOrder":"horizontal","expression":null,"protocol":null,"isUseLookup":false,"lookup":{"view":[],"labelFields":[],"fieldMappings":[]},"isMobileStyle":false,"style":{"width":"300px"},"spStyle":[],"attributes":{"type":"text"},"validations":[],"help":"","step":5},{"type":"SINGLE_LINE_TEXT","code":"\u6cd5\u4eba\u62e0\u51fa\u984d\u639b\u91d1\u5909\u66f4","label":"\u6cd5\u4eba\u62e0\u51fa\u984d\u5909\u66f4\u5f8c\u306e\u91d1\u984d","rowCount":12,"columnCount":3,"noLabel":false,"hide":false,"required":false,"editable":true,"maxValue":null,"minValue":null,"maxLength":0,"minLength":0,"defaultValue":"","options":[],"optionOrder":"horizontal","expression":null,"protocol":null,"isUseLookup":false,"lookup":{"view":[],"labelFields":[],"fieldMappings":[]},"isMobileStyle":false,"style":{"width":"300px"},"spStyle":[],"attributes":{"type":"text"},"validations":[],"help":"","step":5},{"type":"DROP_DOWN","code":"\u624b\u7d9a\u304d\u639b\u91d1\u5909\u66f4","label":"\u624b\u7d9a\u304d\u72b6\u6cc1","rowCount":12,"columnCount":4,"noLabel":false,"hide":false,"required":false,"editable":true,"maxValue":null,"minValue":null,"maxLength":0,"minLength":0,"defaultValue":"","options":["\u624b\u7d9a\u304d\u4e2d","\u624b\u7d9a\u304d\u6e08\u307f"],"optionOrder":"horizontal","expression":null,"protocol":null,"isUseLookup":false,"lookup":{"view":[],"labelFields":[],"fieldMappings":[]},"isMobileStyle":false,"style":{"width":"300px"},"spStyle":[],"attributes":[],"validations":[],"help":"","step":5}]},{"type":"SUBTABLE","code":"\u80b2\u4f11\u4f11\u8077401k","label":"\u80b2\u4f11\u4f11\u8077","rowCount":54,"columnCount":0,"noLabel":true,"hide":true,"required":false,"editable":true,"maxValue":null,"minValue":null,"maxLength":null,"minLength":null,"defaultValue":"","options":[],"optionOrder":"horizontal","expression":null,"protocol":null,"isUseLookup":false,"lookup":{"view":[],"labelFields":[],"fieldMappings":[]},"isMobileStyle":false,"style":[],"spStyle":[],"attributes":[],"validations":[],"help":"","step":5,"fields":[{"type":"SINGLE_LINE_TEXT","code":"\u9023\u7d61\u65e5\u6642\u80b2\u4f11","label":"\u9023\u7d61\u65e5\u6642","rowCount":13,"columnCount":0,"noLabel":false,"hide":false,"required":false,"editable":true,"maxValue":null,"minValue":null,"maxLength":0,"minLength":0,"defaultValue":"","options":[],"optionOrder":"horizontal","expression":null,"protocol":null,"isUseLookup":false,"lookup":{"view":[],"labelFields":[],"fieldMappings":[]},"isMobileStyle":false,"style":{"width":"300px"},"spStyle":[],"attributes":{"type":"text"},"validations":[],"help":"","step":5},{"type":"DATE","code":"\u4f11\u6b62\u3059\u308b\u62e0\u51fa\u5e74\u6708","label":"\u4f11\u6b62\u3059\u308b\u62e0\u51fa\u5e74\u6708","rowCount":13,"columnCount":1,"noLabel":false,"hide":false,"required":false,"editable":true,"maxValue":null,"minValue":null,"maxLength":0,"minLength":0,"defaultValue":"","options":[],"optionOrder":"horizontal","expression":null,"protocol":null,"isUseLookup":false,"lookup":{"view":[],"labelFields":[],"fieldMappings":[]},"isMobileStyle":false,"style":{"width":"300px"},"spStyle":[],"attributes":[],"validations":[],"help":"","step":5},{"type":"RADIO_BUTTON","code":"\u639b\u91d1\u306e\u505c\u6b62\u5e0c\u671b\u306e\u6709\u7121\u80b2\u4f11","label":"\u639b\u91d1\u306e\u505c\u6b62\u5e0c\u671b\u306e\u6709\u7121","rowCount":13,"columnCount":2,"noLabel":false,"hide":false,"required":true,"editable":true,"maxValue":null,"minValue":null,"maxLength":0,"minLength":0,"defaultValue":"\u6709","options":["\u6709","\u7121"],"optionOrder":"horizontal","expression":null,"protocol":null,"isUseLookup":false,"lookup":{"view":[],"labelFields":[],"fieldMappings":[]},"isMobileStyle":false,"style":{"width":"300px"},"spStyle":[],"attributes":[],"validations":[{"rule":"required","params":[]}],"help":"","step":5},{"type":"DROP_DOWN","code":"\u624b\u7d9a\u304d\u80b2\u4f11\u4f11\u8077","label":"\u624b\u7d9a\u304d\u72b6\u6cc1","rowCount":13,"columnCount":3,"noLabel":false,"hide":false,"required":false,"editable":true,"maxValue":null,"minValue":null,"maxLength":0,"minLength":0,"defaultValue":"","options":["\u624b\u7d9a\u304d\u4e2d","\u624b\u7d9a\u304d\u6e08\u307f"],"optionOrder":"horizontal","expression":null,"protocol":null,"isUseLookup":false,"lookup":{"view":[],"labelFields":[],"fieldMappings":[]},"isMobileStyle":false,"style":{"width":"300px"},"spStyle":[],"attributes":[],"validations":[],"help":"","step":5}]},{"type":"SUBTABLE","code":"\u5fa9\u8077401k","label":"\u5fa9\u8077","rowCount":55,"columnCount":0,"noLabel":true,"hide":true,"required":false,"editable":true,"maxValue":null,"minValue":null,"maxLength":null,"minLength":null,"defaultValue":"","options":[],"optionOrder":"horizontal","expression":null,"protocol":null,"isUseLookup":false,"lookup":{"view":[],"labelFields":[],"fieldMappings":[]},"isMobileStyle":false,"style":[],"spStyle":[],"attributes":[],"validations":[],"help":"","step":5,"fields":[{"type":"SINGLE_LINE_TEXT","code":"\u9023\u7d61\u65e5\u6642\u5fa9\u8077","label":"\u9023\u7d61\u65e5\u6642","rowCount":14,"columnCount":0,"noLabel":false,"hide":false,"required":false,"editable":true,"maxValue":null,"minValue":null,"maxLength":0,"minLength":0,"defaultValue":"","options":[],"optionOrder":"horizontal","expression":null,"protocol":null,"isUseLookup":false,"lookup":{"view":[],"labelFields":[],"fieldMappings":[]},"isMobileStyle":false,"style":{"width":"300px"},"spStyle":[],"attributes":{"type":"text"},"validations":[],"help":"","step":5},{"type":"DATE","code":"\u518d\u958b\u3059\u308b\u62e0\u51fa\u5e74\u6708\u5fa9\u8077","label":"\u518d\u958b\u3059\u308b\u62e0\u51fa\u5e74\u6708","rowCount":14,"columnCount":1,"noLabel":false,"hide":false,"required":false,"editable":true,"maxValue":null,"minValue":null,"maxLength":0,"minLength":0,"defaultValue":"","options":[],"optionOrder":"horizontal","expression":null,"protocol":null,"isUseLookup":false,"lookup":{"view":[],"labelFields":[],"fieldMappings":[]},"isMobileStyle":false,"style":{"width":"300px"},"spStyle":[],"attributes":[],"validations":[],"help":"","step":5},{"type":"SINGLE_LINE_TEXT","code":"\u518d\u958b\u5f8c\u639b\u91d1","label":"\u518d\u958b\u5f8c\u306e\u639b\u91d1","rowCount":14,"columnCount":2,"noLabel":false,"hide":false,"required":false,"editable":true,"maxValue":null,"minValue":null,"maxLength":0,"minLength":0,"defaultValue":"","options":[],"optionOrder":"horizontal","expression":null,"protocol":null,"isUseLookup":false,"lookup":{"view":[],"labelFields":[],"fieldMappings":[]},"isMobileStyle":false,"style":{"width":"300px"},"spStyle":[],"attributes":{"type":"text"},"validations":[],"help":"","step":5},{"type":"DROP_DOWN","code":"\u624b\u7d9a\u304d\u5fa9\u8077","label":"\u624b\u7d9a\u304d\u72b6\u6cc1","rowCount":14,"columnCount":3,"noLabel":false,"hide":false,"required":false,"editable":true,"maxValue":null,"minValue":null,"maxLength":0,"minLength":0,"defaultValue":"","options":["\u624b\u7d9a\u304d\u4e2d","\u624b\u7d9a\u304d\u6e08\u307f"],"optionOrder":"horizontal","expression":null,"protocol":null,"isUseLookup":false,"lookup":{"view":[],"labelFields":[],"fieldMappings":[]},"isMobileStyle":false,"style":{"width":"300px"},"spStyle":[],"attributes":[],"validations":[],"help":"","step":5}]},{"type":"SUBTABLE","code":"\u4f4f\u6240\u5909\u66f4401k","label":"\u4f4f\u6240\u5909\u66f4","rowCount":56,"columnCount":0,"noLabel":true,"hide":true,"required":false,"editable":true,"maxValue":null,"minValue":null,"maxLength":null,"minLength":null,"defaultValue":"","options":[],"optionOrder":"horizontal","expression":null,"protocol":null,"isUseLookup":false,"lookup":{"view":[],"labelFields":[],"fieldMappings":[]},"isMobileStyle":false,"style":[],"spStyle":[],"attributes":[],"validations":[],"help":"","step":5,"fields":[{"type":"SINGLE_LINE_TEXT","code":"\u9023\u7d61\u65e5\u6642\u4f4f\u6240\u5909\u66f4","label":"\u9023\u7d61\u65e5\u6642","rowCount":15,"columnCount":0,"noLabel":false,"hide":false,"required":false,"editable":true,"maxValue":null,"minValue":null,"maxLength":0,"minLength":0,"defaultValue":"","options":[],"optionOrder":"horizontal","expression":null,"protocol":null,"isUseLookup":false,"lookup":{"view":[],"labelFields":[],"fieldMappings":[]},"isMobileStyle":false,"style":{"width":"300px"},"spStyle":[],"attributes":{"type":"text"},"validations":[],"help":"","step":5},{"type":"SINGLE_LINE_TEXT","code":"\u5909\u66f4\u5f8c\u306e\u90f5\u4fbf\u756a\u53f7","label":"\u5909\u66f4\u5f8c\u306e\u90f5\u4fbf\u756a\u53f7","rowCount":15,"columnCount":1,"noLabel":false,"hide":false,"required":false,"editable":true,"maxValue":null,"minValue":null,"maxLength":0,"minLength":0,"defaultValue":"","options":[],"optionOrder":"horizontal","expression":null,"protocol":null,"isUseLookup":false,"lookup":{"view":[],"labelFields":[],"fieldMappings":[]},"isMobileStyle":false,"style":{"width":"300px"},"spStyle":[],"attributes":{"type":"text"},"validations":[],"help":"","step":5},{"type":"SINGLE_LINE_TEXT","code":"\u5909\u66f4\u5f8c\u4f4f\u6240","label":"\u5909\u66f4\u5f8c\u4f4f\u6240","rowCount":15,"columnCount":2,"noLabel":false,"hide":false,"required":false,"editable":true,"maxValue":null,"minValue":null,"maxLength":0,"minLength":0,"defaultValue":"","options":[],"optionOrder":"horizontal","expression":null,"protocol":null,"isUseLookup":false,"lookup":{"view":[],"labelFields":[],"fieldMappings":[]},"isMobileStyle":false,"style":{"width":"300px"},"spStyle":[],"attributes":{"type":"text"},"validations":[],"help":"","step":5},{"type":"SINGLE_LINE_TEXT","code":"\u5909\u66f4\u5f8c\u4f4f\u6240\u5168\u89d2","label":"\u5909\u66f4\u5f8c\u4f4f\u6240\u5168\u89d2","rowCount":15,"columnCount":3,"noLabel":false,"hide":false,"required":false,"editable":true,"maxValue":null,"minValue":null,"maxLength":0,"minLength":0,"defaultValue":"","options":[],"optionOrder":"horizontal","expression":null,"protocol":null,"isUseLookup":false,"lookup":{"view":[],"labelFields":[],"fieldMappings":[]},"isMobileStyle":false,"style":{"width":"300px"},"spStyle":[],"attributes":{"type":"text"},"validations":[],"help":"","step":5},{"type":"DROP_DOWN","code":"\u624b\u7d9a\u304d\u4f4f\u6240\u5909\u66f4","label":"\u624b\u7d9a\u304d\u72b6\u6cc1","rowCount":15,"columnCount":4,"noLabel":false,"hide":false,"required":false,"editable":true,"maxValue":null,"minValue":null,"maxLength":0,"minLength":0,"defaultValue":"","options":["\u624b\u7d9a\u304d\u4e2d","\u624b\u7d9a\u304d\u6e08\u307f"],"optionOrder":"horizontal","expression":null,"protocol":null,"isUseLookup":false,"lookup":{"view":[],"labelFields":[],"fieldMappings":[]},"isMobileStyle":false,"style":{"width":"300px"},"spStyle":[],"attributes":[],"validations":[],"help":"","step":5}]},{"type":"SUBTABLE","code":"\u6c0f\u540d\u5909\u66f4401k","label":"\u6c0f\u540d\u5909\u66f4","rowCount":57,"columnCount":0,"noLabel":true,"hide":true,"required":false,"editable":true,"maxValue":null,"minValue":null,"maxLength":null,"minLength":null,"defaultValue":"","options":[],"optionOrder":"horizontal","expression":null,"protocol":null,"isUseLookup":false,"lookup":{"view":[],"labelFields":[],"fieldMappings":[]},"isMobileStyle":false,"style":[],"spStyle":[],"attributes":[],"validations":[],"help":"","step":5,"fields":[{"type":"SINGLE_LINE_TEXT","code":"\u9023\u7d61\u65e5\u6642\u6c0f\u540d\u5909\u66f4","label":"\u9023\u7d61\u65e5\u6642","rowCount":16,"columnCount":0,"noLabel":false,"hide":false,"required":false,"editable":true,"maxValue":null,"minValue":null,"maxLength":0,"minLength":0,"defaultValue":"","options":[],"optionOrder":"horizontal","expression":null,"protocol":null,"isUseLookup":false,"lookup":{"view":[],"labelFields":[],"fieldMappings":[]},"isMobileStyle":false,"style":{"width":"300px"},"spStyle":[],"attributes":{"type":"text"},"validations":[],"help":"","step":5},{"type":"SINGLE_LINE_TEXT","code":"\u5909\u66f4\u5f8c\u59d3","label":"\u5909\u66f4\u5f8c\u59d3","rowCount":16,"columnCount":1,"noLabel":false,"hide":false,"required":false,"editable":true,"maxValue":null,"minValue":null,"maxLength":0,"minLength":0,"defaultValue":"","options":[],"optionOrder":"horizontal","expression":null,"protocol":null,"isUseLookup":false,"lookup":{"view":[],"labelFields":[],"fieldMappings":[]},"isMobileStyle":false,"style":{"width":"300px"},"spStyle":[],"attributes":{"type":"text"},"validations":[],"help":"","step":5},{"type":"SINGLE_LINE_TEXT","code":"\u5909\u66f4\u5f8c\u540d","label":"\u5909\u66f4\u5f8c\u540d","rowCount":16,"columnCount":2,"noLabel":false,"hide":false,"required":false,"editable":true,"maxValue":null,"minValue":null,"maxLength":0,"minLength":0,"defaultValue":"","options":[],"optionOrder":"horizontal","expression":null,"protocol":null,"isUseLookup":false,"lookup":{"view":[],"labelFields":[],"fieldMappings":[]},"isMobileStyle":false,"style":{"width":"300px"},"spStyle":[],"attributes":{"type":"text"},"validations":[],"help":"","step":5},{"type":"SINGLE_LINE_TEXT","code":"\u5909\u66f4\u5f8c\u59d3\u5168\u89d2","label":"\u5909\u66f4\u5f8c\u59d3\u5168\u89d2","rowCount":16,"columnCount":3,"noLabel":false,"hide":false,"required":false,"editable":true,"maxValue":null,"minValue":null,"maxLength":0,"minLength":0,"defaultValue":"","options":[],"optionOrder":"horizontal","expression":null,"protocol":null,"isUseLookup":false,"lookup":{"view":[],"labelFields":[],"fieldMappings":[]},"isMobileStyle":false,"style":{"width":"300px"},"spStyle":[],"attributes":{"type":"text"},"validations":[],"help":"","step":5},{"type":"SINGLE_LINE_TEXT","code":"\u5909\u66f4\u5f8c\u540d\u5168\u89d2","label":"\u5909\u66f4\u5f8c\u540d\u5168\u89d2","rowCount":16,"columnCount":4,"noLabel":false,"hide":false,"required":false,"editable":true,"maxValue":null,"minValue":null,"maxLength":0,"minLength":0,"defaultValue":"","options":[],"optionOrder":"horizontal","expression":null,"protocol":null,"isUseLookup":false,"lookup":{"view":[],"labelFields":[],"fieldMappings":[]},"isMobileStyle":false,"style":{"width":"300px"},"spStyle":[],"attributes":{"type":"text"},"validations":[],"help":"","step":5},{"type":"DROP_DOWN","code":"\u624b\u7d9a\u304d\u6c0f\u540d\u5909\u66f4","label":"\u624b\u7d9a\u304d\u72b6\u6cc1","rowCount":16,"columnCount":5,"noLabel":false,"hide":false,"required":false,"editable":true,"maxValue":null,"minValue":null,"maxLength":0,"minLength":0,"defaultValue":"","options":["\u624b\u7d9a\u304d\u4e2d","\u624b\u7d9a\u304d\u6e08\u307f"],"optionOrder":"horizontal","expression":null,"protocol":null,"isUseLookup":false,"lookup":{"view":[],"labelFields":[],"fieldMappings":[]},"isMobileStyle":false,"style":{"width":"300px"},"spStyle":[],"attributes":[],"validations":[],"help":"","step":5}]},{"type":"SINGLE_LINE_TEXT","code":"\u672c\u4eba\u62e0\u51fa\u73fe\u5728","label":"\u73fe\u5728\u306e\u672c\u4eba\u62e0\u51fa\u984d","rowCount":58,"columnCount":0,"noLabel":false,"hide":true,"required":false,"editable":true,"maxValue":null,"minValue":null,"maxLength":0,"minLength":0,"defaultValue":"","options":[],"optionOrder":"horizontal","expression":null,"protocol":null,"isUseLookup":false,"lookup":{"view":[],"labelFields":[],"fieldMappings":[]},"isMobileStyle":false,"style":{"width":"300px"},"spStyle":[],"attributes":{"type":"text"},"validations":[],"help":"","step":5,"fields":[]},{"type":"SINGLE_LINE_TEXT","code":"\u6cd5\u4eba\u62e0\u51fa\u73fe\u5728","label":"\u73fe\u5728\u306e\u6cd5\u4eba\u62e0\u51fa\u984d","rowCount":58,"columnCount":1,"noLabel":false,"hide":true,"required":false,"editable":true,"maxValue":null,"minValue":null,"maxLength":0,"minLength":0,"defaultValue":"","options":[],"optionOrder":"horizontal","expression":null,"protocol":null,"isUseLookup":false,"lookup":{"view":[],"labelFields":[],"fieldMappings":[]},"isMobileStyle":false,"style":{"width":"300px"},"spStyle":[],"attributes":{"type":"text"},"validations":[],"help":"","step":5,"fields":[]},{"type":"SINGLE_LINE_TEXT","code":"\u57fa\u790e\u5e74\u91d1\u756a\u53f7401k","label":"\u57fa\u790e\u5e74\u91d1\u756a\u53f710\u6841","rowCount":59,"columnCount":0,"noLabel":false,"hide":true,"required":false,"editable":true,"maxValue":null,"minValue":null,"maxLength":0,"minLength":0,"defaultValue":"","options":[],"optionOrder":"horizontal","expression":null,"protocol":null,"isUseLookup":false,"lookup":{"view":[],"labelFields":[],"fieldMappings":[]},"isMobileStyle":false,"style":{"width":"300px"},"spStyle":[],"attributes":{"type":"text"},"validations":[],"help":"","step":5,"fields":[]}],"bridges":[{"name":"","description":"kintone\u30a2\u30d7\u30ea\u306b\u4fdd\u5b58 \uff08\u65e7\uff1a\u540d\u524d\uff09\n\u306b\u56de\u7b54\u30c7\u30fc\u30bf\u3092\u4fdd\u5b58\u3059\u308b\u51e6\u7406 \uff08\u65e7\uff1a\u8aac\u660e\uff09","sort":0,"type":"KintoneBridge","ift":{"sign":"","type":"all","field":"","value":""},"kintoneBridge":{"kintoneBridgeFields":[{"fieldCode":"\u59d3","oppositeFieldCode":"\u59d3"},{"fieldCode":"\u540d","oppositeFieldCode":"\u540d"},{"fieldCode":"\uff7e\uff72","oppositeFieldCode":"\uff7e\uff72"},{"fieldCode":"\uff92\uff72","oppositeFieldCode":"\uff92\uff72"},{"fieldCode":"\u30b9\u30c6\u30fc\u30bf\u30b95","oppositeFieldCode":"\u624b\u7d9a\u304d401k"},{"fieldCode":"\u52a0\u5165401k","oppositeFieldCode":"\u52a0\u5165401k"},{"fieldCode":"\u55aa\u5931401k","oppositeFieldCode":"\u55aa\u5931401k"},{"fieldCode":"\u639b\u91d1\u5909\u66f4401k","oppositeFieldCode":"\u639b\u91d1\u5909\u66f4401k"},{"fieldCode":"\u5fa9\u8077401k","oppositeFieldCode":"\u5fa9\u8077401k"},{"fieldCode":"\u80b2\u4f11\u4f11\u8077401k","oppositeFieldCode":"\u80b2\u4f11\u4f11\u8077401k"},{"fieldCode":"\u4f4f\u6240\u5909\u66f4401k","oppositeFieldCode":"\u4f4f\u6240\u5909\u66f4401k"},{"fieldCode":"\u6c0f\u540d\u5909\u66f4401k","oppositeFieldCode":"\u6c0f\u540d\u5909\u66f4401k"},{"fieldCode":"\u57fa\u790e\u5e74\u91d1\u756a\u53f7","oppositeFieldCode":"\u57fa\u790e\u5e74\u91d1\u756a\u53f7401k"},{"fieldCode":"\u90f5\u4fbf\u756a\u53f7","oppositeFieldCode":"\u90f5\u4fbf\u756a\u53f7"},{"fieldCode":"\u4f4f\u6240\uff8c\uff98\uff76\uff9e\uff85","oppositeFieldCode":"\u4f4f\u6240\uff8c\uff98\uff76\uff9e\uff85"},{"fieldCode":"\u57fa\u790e\u5e74\u91d1\u756a\u53f7401k","oppositeFieldCode":"\u57fa\u790e\u5e74\u91d1\u756a\u53f7401k"},{"fieldCode":"NKR\u30e1\u30fc\u30eb\u30a2\u30c9\u30ec\u30b9","oppositeFieldCode":"NKR\u30e1\u30fc\u30eb\u30a2\u30c9\u30ec\u30b9"},{"fieldCode":"\u62c5\u5f53\u8005\u30e1\u30fc\u30eb\u30a2\u30c9\u30ec\u30b9","oppositeFieldCode":"\u62c5\u5f53\u8005\u30e1\u30fc\u30eb\u30a2\u30c9\u30ec\u30b9"},{"fieldCode":"\u6027\u5225","oppositeFieldCode":"\u6027\u5225"},{"fieldCode":"\u4f4f\u6240","oppositeFieldCode":"\u4f4f\u6240"}]},"errorNotificationBridge":null,"adminNotificationBridge":null,"autoReplyBridge":null,"calcBridge":null,"replaceBridge":null,"concatBridge":null,"autoIncrementBridge":null,"kmailerBridge":null},{"name":"","description":"\u81ea\u52d5\u8fd4\u4fe1\u30e1\u30fc\u30eb \uff08\u65e7\uff1a\u540d\u524d\uff09\n\u5b9b\u5148\u30a2\u30c9\u30ec\u30b9\u306e\u30d5\u30a3\u30fc\u30eb\u30c9\u306b\u81ea\u52d5\u8fd4\u4fe1\u30e1\u30fc\u30eb\u3092\u9001\u4fe1\u3059\u308b\u51e6\u7406 \uff08\u65e7\uff1a\u8aac\u660e\uff09","sort":2,"type":"AutoReplyBridge","ift":{"sign":"","type":"locale","field":"","value":"cn"},"kintoneBridge":null,"errorNotificationBridge":null,"adminNotificationBridge":null,"autoReplyBridge":{"subject":"401k\u30d5\u30a9\u30fc\u30e0\u30d6\u30ea\u30c3\u30b8\u3078\u306e\u56de\u7b54\u3042\u308a\u304c\u3068\u3046\u3054\u3056\u3044\u307e\u3059","contentType":"text\/plain","contents":"\u2500\u2500\u2500\u2500\u2500\u2500\u2500\u2500\u2500\u2500\u2500\u2500\u2500\u2500\u2500\u2500\u2500\u2500\u2500\u2500\u2500\u2500\u2500\u2500\u2500\u2500\u2500\u2500\u2500\n \u3053\u306e\u30e1\u30c3\u30bb\u30fc\u30b8\u306f\u3001\u30b7\u30b9\u30c6\u30e0\u3088\u308a\u81ea\u52d5\u9001\u4fe1\u3055\u308c\u3066\u3044\u307e\u3059\u3002\n \u8fd4\u4fe1\u306f\u53d7\u4ed8\u3051\u3066\u304a\u308a\u307e\u305b\u3093\u3002\n\u2500\u2500\u2500\u2500\u2500\u2500\u2500\u2500\u2500\u2500\u2500\u2500\u2500\u2500\u2500\u2500\u2500\u2500\u2500\u2500\u2500\u2500\u2500\u2500\u2500\u2500\u2500\u2500\u2500\n\u4eba\u4e8b\u62c5\u5f53\u8005\u69d8\n\n\u3053\u306e\u5ea6\u306f\u3001{{ __title__ }}\u306b\u3054\u56de\u7b54\u3044\u305f\u3060\u304d\u3001\u8aa0\u306b\u3042\u308a\u304c\u3068\u3046\u3054\u3056\u3044\u307e\u3059\u3002\n\n\u3054\u8cea\u554f\u7b49\u3054\u3056\u3044\u307e\u3057\u305f\u3089\u3001\u4e0b\u8a18\u307e\u3067\u304a\u6c17\u8efd\u306b\u304a\u554f\u3044\u5408\u308f\u305b\u304f\u3060\u3055\u3044\u3002\n\n\u203b\u672c\u30e1\u30fc\u30eb\u306b\u304a\u5fc3\u5f53\u308a\u306e\u306a\u3044\u5834\u5408\u306f\u3001\u304a\u624b\u6570\u3067\u3059\u304c\u4e0b\u8a18\u30e1\u30fc\u30eb\u5b9b\u306b\n\u8fd4\u4fe1\u3044\u305f\u3060\u3051\u307e\u3059\u3088\u3046\u304a\u9858\u3044\u7533\u3057\u4e0a\u3052\u307e\u3059\u3002\nitt@nkr-group.com\n\n\u4eca\u5f8c\u3068\u3082\u3001\u793e\u4f1a\u4fdd\u967a\u52b4\u52d9\u58eb\u6cd5\u4eba\u3000\u65e5\u672c\u7d4c\u55b6\u52b4\u52d9\u3092\u5b9c\u3057\u304f\u304a\u9858\u3044\u7533\u3057\u4e0a\u3052\u307e\u3059\u3002\n\n","senderName":"\u65e5\u672c\u7d4c\u55b6\u52b4\u52d9IT\u30c1\u30fc\u30e0","isFixedReceiver":false,"receiver":"\u62c5\u5f53\u8005\u30e1\u30fc\u30eb\u30a2\u30c9\u30ec\u30b9","receiverName":"\u59d3","shouldNotifyBounce":false,"delayInterval":0},"calcBridge":null,"replaceBridge":null,"concatBridge":null,"autoIncrementBridge":null,"kmailerBridge":null},{"name":"\u81ea\u52d5\u8fd4\u4fe1\u30e1\u30fc\u30eb","description":"NKR\u62c5\u5f53\u8005\u5b9b","sort":3,"type":"AutoReplyBridge","ift":{"sign":"=","type":"all","field":"\u6240\u5c5e\u4f01\u696d\u540d","value":"cn"},"kintoneBridge":null,"errorNotificationBridge":null,"adminNotificationBridge":null,"autoReplyBridge":{"subject":"\u30de\u30a4\u30da\u30fc\u30b8\u3088\u308a401k\u306e\u624b\u7d9a\u304d\u7533\u8acb\u306e\u56de\u7b54\u304c\u3042\u308a\u307e\u3057\u305f","contentType":"text\/plain","contents":"\u2500\u2500\u2500\u2500\u2500\u2500\u2500\u2500\u2500\u2500\u2500\u2500\u2500\u2500\u2500\u2500\u2500\u2500\u2500\u2500\u2500\u2500\u2500\u2500\u2500\u2500\u2500\u2500\u2500\n \u3053\u306e\u30e1\u30c3\u30bb\u30fc\u30b8\u306f\u3001\u30b7\u30b9\u30c6\u30e0\u3088\u308a\u81ea\u52d5\u9001\u4fe1\u3055\u308c\u3066\u3044\u307e\u3059\u3002\n \u8fd4\u4fe1\u306f\u53d7\u4ed8\u3051\u3066\u304a\u308a\u307e\u305b\u3093\u3002\n\u2500\u2500\u2500\u2500\u2500\u2500\u2500\u2500\u2500\u2500\u2500\u2500\u2500\u2500\u2500\u2500\u2500\u2500\u2500\u2500\u2500\u2500\u2500\u2500\u2500\u2500\u2500\u2500\u2500\nNKR\u62c5\u5f53\u8005\u69d8\n\n401k\u9001\u4fe1\u30d5\u30a9\u30fc\u30e0\u3088\u308a\u56de\u7b54\u304c\u3042\u308a\u307e\u3057\u305f\u3002\n\u4ee5\u4e0b\u306eURL\u3088\u308a\u3001\u56de\u7b54\u60c5\u5831\u3092\u3054\u78ba\u8a8d\u306e\u4e0a\u3001\u624b\u7d9a\u304d\u3092\u304a\u9858\u3044\u3044\u305f\u3057\u307e\u3059\u3002\n\n{{__kintoneBridgeRecordUrl__1}}\n\u624b\u7d9a\u304d\u540d {{\u30b9\u30c6\u30fc\u30bf\u30b95}}\n\u4f1a\u793e\u540d {{\u6240\u5c5e\u4f01\u696d\u540d}}\n\u4eba\u4e8b\u62c5\u5f53\u8005  {{\u62c5\u5f53\u8005\u540d}}\u69d8\n\u30e1\u30fc\u30eb\u30a2\u30c9\u30ec\u30b9 {{\u62c5\u5f53\u8005\u30e1\u30fc\u30eb\u30a2\u30c9\u30ec\u30b9}}\n\u5f93\u696d\u54e1\u540d {{\u59d3}} {{\u540d}}\u69d8\n\u9001\u4fe1\u65e5\u6642 {{__posted_at__}}","senderName":"\u65e5\u672c\u7d4c\u55b6\u52b4\u52d9IT\u30c1\u30fc\u30e0","isFixedReceiver":false,"receiver":"NKR\u30e1\u30fc\u30eb\u30a2\u30c9\u30ec\u30b9","receiverName":"","shouldNotifyBounce":false,"delayInterval":0},"calcBridge":null,"replaceBridge":null,"concatBridge":null,"autoIncrementBridge":null,"kmailerBridge":null},{"name":"\u81ea\u52d5\u8fd4\u4fe1\u30e1\u30fc\u30eb","description":"NKR\u7b39\u4e95\u5b9b","sort":4,"type":"AutoReplyBridge","ift":{"sign":"=","type":"all","field":"\u6240\u5c5e\u4f01\u696d\u540d","value":"cn"},"kintoneBridge":null,"errorNotificationBridge":null,"adminNotificationBridge":null,"autoReplyBridge":{"subject":"\u30de\u30a4\u30da\u30fc\u30b8\u3088\u308a401k\u306e\u624b\u7d9a\u304d\u7533\u8acb\u306e\u56de\u7b54\u304c\u3042\u308a\u307e\u3057\u305f","contentType":"text\/plain","contents":"\u2500\u2500\u2500\u2500\u2500\u2500\u2500\u2500\u2500\u2500\u2500\u2500\u2500\u2500\u2500\u2500\u2500\u2500\u2500\u2500\u2500\u2500\u2500\u2500\u2500\u2500\u2500\u2500\u2500\n \u3053\u306e\u30e1\u30c3\u30bb\u30fc\u30b8\u306f\u3001\u30b7\u30b9\u30c6\u30e0\u3088\u308a\u81ea\u52d5\u9001\u4fe1\u3055\u308c\u3066\u3044\u307e\u3059\u3002\n \u8fd4\u4fe1\u306f\u53d7\u4ed8\u3051\u3066\u304a\u308a\u307e\u305b\u3093\u3002\n\u2500\u2500\u2500\u2500\u2500\u2500\u2500\u2500\u2500\u2500\u2500\u2500\u2500\u2500\u2500\u2500\u2500\u2500\u2500\u2500\u2500\u2500\u2500\u2500\u2500\u2500\u2500\u2500\u2500\nNKR\u62c5\u5f53\u8005\u69d8\n\n401k\u9001\u4fe1\u30d5\u30a9\u30fc\u30e0\u3088\u308a\u56de\u7b54\u304c\u3042\u308a\u307e\u3057\u305f\u3002\n\u4ee5\u4e0b\u306eURL\u3088\u308a\u3001\u56de\u7b54\u60c5\u5831\u3092\u3054\u78ba\u8a8d\u306e\u4e0a\u3001\u624b\u7d9a\u304d\u3092\u304a\u9858\u3044\u3044\u305f\u3057\u307e\u3059\u3002\n\n{{__kintoneBridgeRecordUrl__1}}\n\u624b\u7d9a\u304d\u540d {{\u30b9\u30c6\u30fc\u30bf\u30b95}}\n\u4f1a\u793e\u540d {{\u6240\u5c5e\u4f01\u696d\u540d}}\n\u4eba\u4e8b\u62c5\u5f53\u8005  {{\u62c5\u5f53\u8005\u540d}}\u69d8\n\u30e1\u30fc\u30eb\u30a2\u30c9\u30ec\u30b9 {{\u62c5\u5f53\u8005\u30e1\u30fc\u30eb\u30a2\u30c9\u30ec\u30b9}}\n\u5f93\u696d\u54e1\u540d {{\u59d3}} {{\u540d}}\u69d8\n\u9001\u4fe1\u65e5\u6642 {{__posted_at__}}","senderName":"\u65e5\u672c\u7d4c\u55b6\u52b4\u52d9IT\u30c1\u30fc\u30e0","isFixedReceiver":false,"receiver":"NKR\u7b39\u4e95\u30e1\u30fc\u30eb\u30a2\u30c9\u30ec\u30b9","receiverName":"NKR\u7b39\u4e95\u30e1\u30fc\u30eb\u30a2\u30c9\u30ec\u30b9","shouldNotifyBounce":false,"delayInterval":0},"calcBridge":null,"replaceBridge":null,"concatBridge":null,"autoIncrementBridge":null,"kmailerBridge":null},{"name":"\u81ea\u52d5\u8fd4\u4fe1\u30e1\u30fc\u30eb","description":"NKR\u85e4\u4e95\u5b9b","sort":5,"type":"AutoReplyBridge","ift":{"sign":"=","type":"all","field":"\u6240\u5c5e\u4f01\u696d\u540d","value":"cn"},"kintoneBridge":null,"errorNotificationBridge":null,"adminNotificationBridge":null,"autoReplyBridge":{"subject":"\u30de\u30a4\u30da\u30fc\u30b8\u3088\u308a401k\u306e\u624b\u7d9a\u304d\u7533\u8acb\u306e\u56de\u7b54\u304c\u3042\u308a\u307e\u3057\u305f","contentType":"text\/plain","contents":"\u2500\u2500\u2500\u2500\u2500\u2500\u2500\u2500\u2500\u2500\u2500\u2500\u2500\u2500\u2500\u2500\u2500\u2500\u2500\u2500\u2500\u2500\u2500\u2500\u2500\u2500\u2500\u2500\u2500\n \u3053\u306e\u30e1\u30c3\u30bb\u30fc\u30b8\u306f\u3001\u30b7\u30b9\u30c6\u30e0\u3088\u308a\u81ea\u52d5\u9001\u4fe1\u3055\u308c\u3066\u3044\u307e\u3059\u3002\n \u8fd4\u4fe1\u306f\u53d7\u4ed8\u3051\u3066\u304a\u308a\u307e\u305b\u3093\u3002\n\u2500\u2500\u2500\u2500\u2500\u2500\u2500\u2500\u2500\u2500\u2500\u2500\u2500\u2500\u2500\u2500\u2500\u2500\u2500\u2500\u2500\u2500\u2500\u2500\u2500\u2500\u2500\u2500\u2500\nNKR\u62c5\u5f53\u8005\u69d8\n\n401k\u9001\u4fe1\u30d5\u30a9\u30fc\u30e0\u3088\u308a\u56de\u7b54\u304c\u3042\u308a\u307e\u3057\u305f\u3002\n\u4ee5\u4e0b\u306eURL\u3088\u308a\u3001\u56de\u7b54\u60c5\u5831\u3092\u3054\u78ba\u8a8d\u306e\u4e0a\u3001\u624b\u7d9a\u304d\u3092\u304a\u9858\u3044\u3044\u305f\u3057\u307e\u3059\u3002\n\n{{__kintoneBridgeRecordUrl__1}}\n\u624b\u7d9a\u304d\u540d {{\u30b9\u30c6\u30fc\u30bf\u30b95}}\n\u4f1a\u793e\u540d {{\u6240\u5c5e\u4f01\u696d\u540d}}\n\u4eba\u4e8b\u62c5\u5f53\u8005  {{\u62c5\u5f53\u8005\u540d}}\u69d8\n\u30e1\u30fc\u30eb\u30a2\u30c9\u30ec\u30b9 {{\u62c5\u5f53\u8005\u30e1\u30fc\u30eb\u30a2\u30c9\u30ec\u30b9}}\n\u5f93\u696d\u54e1\u540d {{\u59d3}} {{\u540d}}\u69d8\n\u9001\u4fe1\u65e5\u6642 {{__posted_at__}}","senderName":"\u65e5\u672c\u7d4c\u55b6\u52b4\u52d9IT\u30c1\u30fc\u30e0","isFixedReceiver":false,"receiver":"NKR\u85e4\u4e95\u30e1\u30fc\u30eb\u30a2\u30c9\u30ec\u30b9","receiverName":"NKR\u85e4\u4e95\u30e1\u30fc\u30eb\u30a2\u30c9\u30ec\u30b9","shouldNotifyBounce":false,"delayInterval":0},"calcBridge":null,"replaceBridge":null,"concatBridge":null,"autoIncrementBridge":null,"kmailerBridge":null}]}