{"description":null,"viewType":"table","uiVersion":1,"layout":{"main":true,"side":false,"footer":false,"header":true},"spLayout":[],"mainContent":{"layoutType":"default","layout":[{"code":"\u793e\u54e1No0","type":"SINGLE_LINE_TEXT","unit":"","digit":false,"label":"\u793e\u54e1No","style":{"display":null,"marginTop":null,"textAlign":null,"marginLeft":null,"paddingTop":"1em","marginRight":null,"paddingLeft":"1em","marginBottom":null,"paddingRight":"1em","paddingBottom":"1em","verticalAlign":null},"format":null,"unique":false,"noLabel":false,"spStyle":[],"userType":"name","attributes":[],"labelStyle":{"color":null,"fontSize":null,"textAlign":null,"fontWeight":"bold"},"contentStyle":{"color":null,"fontSize":null,"textAlign":null,"fontWeight":null},"spLabelStyle":[],"unitPosition":"BEFORE","thumbnailSize":"150px","hideExpression":false,"spContentStyle":[],"specialOptions":{"width":2,"format":"CODE128","height":100,"margin":10,"fontSize":20,"displayValue":true},"specialFieldSize":100,"specialFieldType":"default"},{"code":"\u624b\u7d9a\u304d401k","type":"SINGLE_LINE_TEXT","unit":"","digit":false,"label":"\u76f4\u524d\u306e\u624b\u7d9a\u304d\u540d","style":{"display":null,"marginTop":null,"textAlign":null,"marginLeft":null,"paddingTop":"1em","marginRight":null,"paddingLeft":"1em","marginBottom":null,"paddingRight":"1em","paddingBottom":"1em","verticalAlign":null},"format":null,"unique":false,"noLabel":false,"spStyle":[],"userType":"name","attributes":[],"labelStyle":{"color":null,"fontSize":null,"textAlign":null,"fontWeight":"bold"},"contentStyle":{"color":null,"fontSize":null,"textAlign":null,"fontWeight":null},"spLabelStyle":[],"unitPosition":"BEFORE","thumbnailSize":"150px","hideExpression":false,"spContentStyle":[],"specialOptions":{"width":2,"format":"CODE128","height":100,"margin":10,"fontSize":20,"displayValue":true},"specialFieldSize":100,"specialFieldType":"default"}],"num":30,"isLinked":false,"disableDetailLinked":false,"isPager":true,"style":{"backgroundColor":"#ffffff"}},"sideContent":{"type":"rich","style":{"width":"30%","overflowX":"auto","backgroundColor":"#ffffff"},"content":""},"header":{"type":"rich","style":{"height":null,"overflowY":"auto","backgroundColor":null},"content":"<h1>401k\u5f93\u696d\u54e1\u30ea\u30b9\u30c8\u30d3\u30e5\u30fc<\/h1><p>\u203b\u5de6\u7aef\u306e\u9752\u30dc\u30bf\u30f3\u304b\u3089\u65b0\u898f\u52a0\u5165\u3057\u305f\u3044\u5f93\u696d\u54e1\u3092\u9078\u629e\u3057\u3066\u304f\u3060\u3055\u3044<\/p>"},"footer":{"type":"rich","style":{"height":null,"overflowY":"auto","backgroundColor":null},"content":""},"detailView":{"elements":[{"code":"NKR\u30e1\u30fc\u30eb\u30a2\u30c9\u30ec\u30b9","type":"SINGLE_LINE_TEXT","unit":"","digit":false,"label":"NKR\u30e1\u30fc\u30eb\u30a2\u30c9\u30ec\u30b9","style":{"display":"inline-block","marginTop":null,"textAlign":null,"marginLeft":null,"paddingTop":"1em","marginRight":null,"paddingLeft":"1em","marginBottom":null,"paddingRight":"1em","paddingBottom":"1em","verticalAlign":null},"format":null,"unique":false,"noLabel":false,"spStyle":[],"userType":"name","attributes":[],"labelStyle":{"color":null,"fontSize":null,"textAlign":null,"fontWeight":"bold"},"contentStyle":{"color":null,"fontSize":null,"textAlign":null,"fontWeight":null},"spLabelStyle":[],"unitPosition":"BEFORE","thumbnailSize":"150px","hideExpression":false,"spContentStyle":[],"specialOptions":{"width":2,"format":"CODE128","height":100,"margin":10,"fontSize":20,"displayValue":true},"specialFieldSize":100,"specialFieldType":"default"},{"code":"\u62c5\u5f53\u8005\u30e1\u30fc\u30eb\u30a2\u30c9\u30ec\u30b9","type":"SINGLE_LINE_TEXT","unit":"","digit":false,"label":"\u62c5\u5f53\u8005\u30e1\u30fc\u30eb\u30a2\u30c9\u30ec\u30b9","style":{"display":"inline-block","marginTop":null,"textAlign":null,"marginLeft":null,"paddingTop":"1em","marginRight":null,"paddingLeft":"1em","marginBottom":null,"paddingRight":"1em","paddingBottom":"1em","verticalAlign":null},"format":null,"unique":false,"noLabel":false,"spStyle":[],"userType":"name","attributes":[],"labelStyle":{"color":null,"fontSize":null,"textAlign":null,"fontWeight":"bold"},"contentStyle":{"color":null,"fontSize":null,"textAlign":null,"fontWeight":null},"spLabelStyle":[],"unitPosition":"BEFORE","thumbnailSize":"150px","hideExpression":false,"spContentStyle":[],"specialOptions":{"width":2,"format":"CODE128","height":100,"margin":10,"fontSize":20,"displayValue":true},"specialFieldSize":100,"specialFieldType":"default"},{"code":"\u624b\u7d9a\u304d401k","type":"SINGLE_LINE_TEXT","unit":"","digit":false,"label":"\u76f4\u524d\u306e\u624b\u7d9a\u304d\u540d","style":{"display":null,"marginTop":null,"textAlign":null,"marginLeft":null,"paddingTop":"1em","marginRight":null,"paddingLeft":"1em","marginBottom":null,"paddingRight":"1em","paddingBottom":"1em","verticalAlign":null},"format":null,"unique":false,"noLabel":false,"spStyle":[],"userType":"name","attributes":[],"labelStyle":{"color":null,"fontSize":null,"textAlign":null,"fontWeight":"bold"},"contentStyle":{"color":null,"fontSize":null,"textAlign":null,"fontWeight":null},"spLabelStyle":[],"unitPosition":"BEFORE","thumbnailSize":"150px","hideExpression":false,"spContentStyle":[],"specialOptions":{"width":2,"format":"CODE128","height":100,"margin":10,"fontSize":20,"displayValue":true},"specialFieldSize":100,"specialFieldType":"default"},{"code":"\u793e\u54e1No0","type":"SINGLE_LINE_TEXT","unit":"","digit":false,"label":"\u793e\u54e1No","style":{"display":null,"marginTop":null,"textAlign":null,"marginLeft":null,"paddingTop":"1em","marginRight":null,"paddingLeft":"1em","marginBottom":null,"paddingRight":"1em","paddingBottom":"1em","verticalAlign":null},"format":null,"unique":false,"noLabel":false,"spStyle":[],"userType":"name","attributes":[],"labelStyle":{"color":null,"fontSize":null,"textAlign":null,"fontWeight":"bold"},"contentStyle":{"color":null,"fontSize":null,"textAlign":null,"fontWeight":null},"spLabelStyle":[],"unitPosition":"BEFORE","thumbnailSize":"150px","hideExpression":false,"spContentStyle":[],"specialOptions":{"width":2,"format":"CODE128","height":100,"margin":10,"fontSize":20,"displayValue":true},"specialFieldSize":100,"specialFieldType":"default"},{"code":"\u639b\u91d1\u5909\u66f4401k","type":"SUBTABLE","unit":"","digit":false,"label":"\u639b\u91d1\u5909\u66f4","style":{"display":null,"marginTop":null,"textAlign":null,"marginLeft":null,"paddingTop":"1em","marginRight":null,"paddingLeft":"1em","marginBottom":null,"paddingRight":"1em","paddingBottom":"1em","verticalAlign":null},"fields":[{"code":"\u9023\u7d61\u65e5\u6642\u639b\u91d1\u5909\u66f4","type":"SINGLE_LINE_TEXT","unit":"","digit":false,"label":"\u9023\u7d61\u65e5\u6642","style":{"color":null,"display":null,"fontSize":null,"marginTop":null,"textAlign":null,"fontWeight":null,"marginLeft":null,"paddingTop":"1em","marginRight":null,"paddingLeft":"1em","marginBottom":null,"paddingRight":"1em","paddingBottom":"1em","verticalAlign":null},"format":null,"unique":false,"noLabel":false,"spStyle":[],"userType":"name","attributes":[],"labelStyle":{"color":null,"fontSize":null,"textAlign":null,"fontWeight":"bold"},"contentStyle":{"color":null,"fontSize":null,"textAlign":null,"fontWeight":null},"spLabelStyle":[],"unitPosition":"BEFORE","thumbnailSize":"150px","hideExpression":false,"spContentStyle":[],"specialOptions":{"width":2,"format":"CODE128","height":100,"margin":10,"fontSize":20,"displayValue":true},"specialFieldSize":100,"specialFieldType":"default"},{"code":"\u672c\u4eba\u62e0\u51fa\u984d\u639b\u91d1\u5909\u66f4","type":"SINGLE_LINE_TEXT","unit":"","digit":false,"label":"\u672c\u4eba\u62e0\u51fa\u984d\u5909\u66f4\u5f8c\u306e\u91d1\u984d","style":{"color":null,"display":null,"fontSize":null,"marginTop":null,"textAlign":null,"fontWeight":null,"marginLeft":null,"paddingTop":"1em","marginRight":null,"paddingLeft":"1em","marginBottom":null,"paddingRight":"1em","paddingBottom":"1em","verticalAlign":null},"format":null,"unique":false,"noLabel":false,"spStyle":[],"userType":"name","attributes":[],"labelStyle":{"color":null,"fontSize":null,"textAlign":null,"fontWeight":"bold"},"contentStyle":{"color":null,"fontSize":null,"textAlign":null,"fontWeight":null},"spLabelStyle":[],"unitPosition":"BEFORE","thumbnailSize":"150px","hideExpression":false,"spContentStyle":[],"specialOptions":{"width":2,"format":"CODE128","height":100,"margin":10,"fontSize":20,"displayValue":true},"specialFieldSize":100,"specialFieldType":"default"},{"code":"\u6cd5\u4eba\u62e0\u51fa\u984d\u639b\u91d1\u5909\u66f4","type":"SINGLE_LINE_TEXT","unit":"","digit":false,"label":"\u6cd5\u4eba\u62e0\u51fa\u984d\u5909\u66f4\u5f8c\u306e\u91d1\u984d","style":{"color":null,"display":null,"fontSize":null,"marginTop":null,"textAlign":null,"fontWeight":null,"marginLeft":null,"paddingTop":"1em","marginRight":null,"paddingLeft":"1em","marginBottom":null,"paddingRight":"1em","paddingBottom":"1em","verticalAlign":null},"format":null,"unique":false,"noLabel":false,"spStyle":[],"userType":"name","attributes":[],"labelStyle":{"color":null,"fontSize":null,"textAlign":null,"fontWeight":"bold"},"contentStyle":{"color":null,"fontSize":null,"textAlign":null,"fontWeight":null},"spLabelStyle":[],"unitPosition":"BEFORE","thumbnailSize":"150px","hideExpression":false,"spContentStyle":[],"specialOptions":{"width":2,"format":"CODE128","height":100,"margin":10,"fontSize":20,"displayValue":true},"specialFieldSize":100,"specialFieldType":"default"},{"code":"\u624b\u7d9a\u304d\u639b\u91d1\u5909\u66f4","type":"DROP_DOWN","unit":"","digit":false,"label":"\u624b\u7d9a\u304d\u72b6\u6cc1","style":{"color":null,"display":null,"fontSize":null,"marginTop":null,"textAlign":null,"fontWeight":null,"marginLeft":null,"paddingTop":"1em","marginRight":null,"paddingLeft":"1em","marginBottom":null,"paddingRight":"1em","paddingBottom":"1em","verticalAlign":null},"format":null,"noLabel":false,"options":["\u624b\u7d9a\u304d\u4e2d","\u624b\u7d9a\u304d\u6e08\u307f"],"spStyle":[],"userType":"name","attributes":[],"labelStyle":{"color":null,"fontSize":null,"textAlign":null,"fontWeight":"bold"},"contentStyle":{"color":null,"fontSize":null,"textAlign":null,"fontWeight":null},"spLabelStyle":[],"unitPosition":"BEFORE","thumbnailSize":"150px","spContentStyle":[]},{"code":"\u639b\u91d1\u5909\u66f4\u65e5","type":"DROP_DOWN","unit":"","digit":false,"label":"\u639b\u91d1\u5909\u66f4\u65e5","style":{"color":null,"display":null,"fontSize":null,"marginTop":null,"textAlign":null,"fontWeight":null,"marginLeft":null,"paddingTop":"1em","marginRight":null,"paddingLeft":"1em","marginBottom":null,"paddingRight":"1em","paddingBottom":"1em","verticalAlign":null},"format":null,"noLabel":false,"options":["1\/1","2\/1","3\/1","4\/1","5\/1","6\/1","7\/1","8\/1","9\/1","10\/1","11\/1","12\/1"],"spStyle":[],"userType":"name","attributes":[],"labelStyle":{"color":null,"fontSize":null,"textAlign":null,"fontWeight":"bold"},"contentStyle":{"color":null,"fontSize":null,"textAlign":null,"fontWeight":null},"spLabelStyle":[],"unitPosition":"BEFORE","thumbnailSize":"150px","spContentStyle":[]},{"code":"\u6307\u5b9a\u65e5\u4ee5\u964d\u639b\u91d1\u5909\u66f4\u65e5","type":"DROP_DOWN","unit":"","digit":false,"label":"\u6307\u5b9a\u65e5\u4ee5\u964d\u639b\u91d1\u5909\u66f4\u65e5","style":{"color":null,"display":null,"fontSize":null,"marginTop":null,"textAlign":null,"fontWeight":null,"marginLeft":null,"paddingTop":"1em","marginRight":null,"paddingLeft":"1em","marginBottom":null,"paddingRight":"1em","paddingBottom":"1em","verticalAlign":null},"format":null,"noLabel":false,"options":["1\/1","2\/1","3\/1","4\/1","5\/1","6\/1","7\/1","8\/1","9\/1","10\/1","11\/1","12\/1"],"spStyle":[],"userType":"name","attributes":[],"labelStyle":{"color":null,"fontSize":null,"textAlign":null,"fontWeight":"bold"},"contentStyle":{"color":null,"fontSize":null,"textAlign":null,"fontWeight":null},"spLabelStyle":[],"unitPosition":"BEFORE","thumbnailSize":"150px","spContentStyle":[]},{"code":"\u5099\u8003\u639b\u91d1\u5909\u66f4","type":"MULTI_LINE_TEXT","unit":"","digit":false,"label":"\u5099\u8003\u639b\u91d1\u5909\u66f4","style":{"color":null,"display":null,"fontSize":null,"marginTop":null,"textAlign":null,"fontWeight":null,"marginLeft":null,"paddingTop":"1em","marginRight":null,"paddingLeft":"1em","marginBottom":null,"paddingRight":"1em","paddingBottom":"1em","verticalAlign":null},"format":null,"noLabel":false,"spStyle":[],"userType":"name","attributes":[],"labelStyle":{"color":null,"fontSize":null,"textAlign":null,"fontWeight":"bold"},"contentStyle":{"color":null,"fontSize":null,"textAlign":null,"fontWeight":null},"spLabelStyle":[],"unitPosition":"BEFORE","thumbnailSize":"150px","spContentStyle":[]}],"format":null,"noLabel":false,"spStyle":[],"userType":"name","attributes":[],"labelStyle":{"color":null,"fontSize":null,"textAlign":null,"fontWeight":"bold"},"contentStyle":{"color":null,"fontSize":null,"textAlign":null,"fontWeight":null},"spLabelStyle":[],"unitPosition":"BEFORE","thumbnailSize":"150px","spContentStyle":[]}],"style":{"backgroundColor":"#ffffff"},"titleField":null,"social":[]},"isUseMailAuthentication":false,"viewMailUserFilters":[{"sign":"=","with":"and","field":"\u4eba\u4e8b\u62c5\u5f53\u8005\u30e1\u30fc\u30eb\u30a2\u30c9\u30ec\u30b9","value":"__kintoneAppAuthenticationEmail__"}],"title":"401k\u5f93\u696d\u54e1\u30ea\u30b9\u30c8\u30d3\u30e5\u30fc","isTranslate":false,"dictionary":[],"filters":[{"with":"and","field":"\u624b\u7d9a\u304d401k","sign":"!=","value":"\u4f11\u8077\u30fb\u80b2\u4f11"},{"with":"and","field":"\u624b\u7d9a\u304d401k","sign":"!=","value":"\u55aa\u5931"}],"orders":[],"isUseQuery":false,"query":"","searchForms":[],"isHeaderShown":true,"isUseLogo":false,"logo":null,"isUseFavicon":false,"favicon":null,"headerColor":"#000000","contentColor":"#eff2f8","isUseStyle":false,"styleUrls":[],"isUseJavaScript":true,"javaScriptUrls":["https:\/\/cdn.jsdelivr.net\/gh\/fujimakiaya\/SheetOutput\/employee_find-000v2.1.js"],"hideCopyright":false,"isUsePublicTerm":false,"publicStartedAt":null,"publicFinishedAt":null,"isUseIpLimit":false,"ips":[],"isUseCsp":false,"resources":[],"additionalFilters":[],"isUseRobots":false,"isUseErrorBackUrl":false,"errorBackUrl":null,"version":1}